GID_2,adm_id,GID_2,mean_01,median_01,min_01,max_01,sum_01,perc_nodata_01,mean_02,median_02,min_02,max_02,sum_02,perc_nodata_02,mean_03,median_03,min_03,max_03,sum_03,perc_nodata_03,mean_04,median_04,min_04,max_04,sum_04,perc_nodata_04,mean_05,median_05,min_05,max_05,sum_05,perc_nodata_05,mean_06,median_06,min_06,max_06,sum_06,perc_nodata_06,mean_07,median_07,min_07,max_07,sum_07,perc_nodata_07,mean_08,median_08,min_08,max_08,sum_08,perc_nodata_08,mean_09,median_09,min_09,max_09,sum_09,perc_nodata_09,mean_10,median_10,min_10,max_10,sum_10,perc_nodata_10,mean_11,median_11,min_11,max_11,sum_11,perc_nodata_11,mean_12,median_12,min_12,max_12,sum_12
NER.1.1_1,1.0,NER.1.1_1,5365.579999315878,398.36364112671686,8.76768206318966,60581.52654002148,155601.81998016045,99.98767499383749,5365.579999315878,398.36364112671686,8.76768206318966,60581.52654002148,155601.81998016045,99.98767499383749,5365.579999315878,398.36364112671686,8.76768206318966,60581.52654002148,155601.81998016045,99.98767499383749,5365.579999315878,398.36364112671686,8.76768206318966,60581.52654002148,155601.81998016045,99.98767499383749,5365.579999315878,398.36364112671686,8.76768206318966,60581.52654002148,155601.81998016045,99.98767499383749,5365.579999315878,398.36364112671686,8.76768206318966,60581.52654002148,155601.81998016045,99.98767499383749,5365.579999315878,398.36364112671686,8.76768206318966,60581.52654002148,155601.81998016045,99.98767499383749,5365.579999315878,398.36364112671686,8.76768206318966,60581.52654002148,155601.81998016045,99.98767499383749,5365.579999315878,398.36364112671686,8.76768206318966,60581.52654002148,155601.81998016045,99.98767499383749,5365.579999315878,398.36364112671686,8.76768206318966,60581.52654002148,155601.81998016045,99.98767499383749,5365.579999315878,398.36364112671686,8.76768206318966,60581.52654002148,155601.81998016045,99.98767499383749,5365.579999315878,398.36364112671686,8.76768206318966,60581.52654002148,155601.81998016045
NER.1.2_1,2.0,NER.1.2_1,50064.12793915271,5169.820629545409,151.5270105174071,483352.08290802786,650833.6632089854,99.99598921407109,50064.12793915271,5169.820629545409,151.5270105174071,483352.08290802786,650833.6632089854,99.99598921407109,50064.12793915271,5169.820629545409,151.5270105174071,483352.08290802786,650833.6632089854,99.99598921407109,50064.12793915271,5169.820629545409,151.5270105174071,483352.08290802786,650833.6632089854,99.99598921407109,50064.12793915271,5169.820629545409,151.5270105174071,483352.08290802786,650833.6632089854,99.99598921407109,50064.12793915271,5169.820629545409,151.5270105174071,483352.08290802786,650833.6632089854,99.99598921407109,50064.12793915271,5169.820629545409,151.5270105174071,483352.08290802786,650833.6632089854,99.99598921407109,50064.12793915271,5169.820629545409,151.5270105174071,483352.08290802786,650833.6632089854,99.99598921407109,50064.12793915271,5169.820629545409,151.5270105174071,483352.08290802786,650833.6632089854,99.99598921407109,50064.12793915271,5169.820629545409,151.5270105174071,483352.08290802786,650833.6632089854,99.99598921407109,50064.12793915271,5169.820629545409,151.5270105174071,483352.08290802786,650833.6632089854,99.99598921407109,50064.12793915271,5169.820629545409,151.5270105174071,483352.08290802786,650833.6632089854
NER.1.3_1,3.0,NER.1.3_1,9225.304586713986,2382.457059589169,295.9751164996435,73160.47280444573,202956.7009077077,99.98698301875628,9225.304586713986,2382.457059589169,295.9751164996435,73160.47280444573,202956.7009077077,99.98698301875628,9225.304586713986,2382.457059589169,295.9751164996435,73160.47280444573,202956.7009077077,99.98698301875628,9225.304586713986,2382.457059589169,295.9751164996435,73160.47280444573,202956.7009077077,99.98698301875628,9225.304586713986,2382.457059589169,295.9751164996435,73160.47280444573,202956.7009077077,99.98698301875628,9225.304586713986,2382.457059589169,295.9751164996435,73160.47280444573,202956.7009077077,99.98698301875628,9225.304586713986,2382.457059589169,295.9751164996435,73160.47280444573,202956.7009077077,99.98698301875628,9225.304586713986,2382.457059589169,295.9751164996435,73160.47280444573,202956.7009077077,99.98698301875628,9225.304586713986,2382.457059589169,295.9751164996435,73160.47280444573,202956.7009077077,99.98698301875628,9225.304586713986,2382.457059589169,295.9751164996435,73160.47280444573,202956.7009077077,99.98698301875628,9225.304586713986,2382.457059589169,295.9751164996435,73160.47280444573,202956.7009077077,99.98698301875628,9225.304586713986,2382.457059589169,295.9751164996435,73160.47280444573,202956.7009077077
NER.2.1_1,4.0,NER.2.1_1,16238.830501494056,2416.455406570144,3.258194994866404,689257.6195429922,1964898.4906807803,98.50709438618135,16238.830501494056,2416.455406570144,3.258194994866404,689257.6195429922,1964898.4906807803,98.50709438618135,16238.830501494056,2416.455406570144,3.258194994866404,689257.6195429922,1964898.4906807803,98.50709438618135,16238.830501494056,2416.455406570144,3.258194994866404,689257.6195429922,1964898.4906807803,98.50709438618135,16238.830501494056,2416.455406570144,3.258194994866404,689257.6195429922,1964898.4906807803,98.50709438618135,16238.830501494056,2416.455406570144,3.258194994866404,689257.6195429922,1964898.4906807803,98.50709438618135,16238.830501494056,2416.455406570144,3.258194994866404,689257.6195429922,1964898.4906807803,98.50709438618135,16238.830501494056,2416.455406570144,3.258194994866404,689257.6195429922,1964898.4906807803,98.50709438618135,16238.830501494056,2416.455406570144,3.258194994866404,689257.6195429922,1964898.4906807803,98.50709438618135,16238.830501494056,2416.455406570144,3.258194994866404,689257.6195429922,1964898.4906807803,98.50709438618135,16238.830501494056,2416.455406570144,3.258194994866404,689257.6195429922,1964898.4906807803,98.50709438618135,16238.830501494056,2416.455406570144,3.258194994866404,689257.6195429922,1964898.4906807803
NER.2.2_1,5.0,NER.2.2_1,15356.606259971586,1877.5099152388896,2.01755355443659,1213110.7708803972,4990897.034490766,98.19042316258353,15356.606259971586,1877.5099152388896,2.01755355443659,1213110.7708803972,4990897.034490766,98.19042316258353,15356.606259971586,1877.5099152388896,2.01755355443659,1213110.7708803972,4990897.034490766,98.19042316258353,15356.606259971586,1877.5099152388896,2.01755355443659,1213110.7708803972,4990897.034490766,98.19042316258353,15356.606259971586,1877.5099152388896,2.01755355443659,1213110.7708803972,4990897.034490766,98.19042316258353,15356.606259971586,1877.5099152388896,2.01755355443659,1213110.7708803972,4990897.034490766,98.19042316258353,15356.606259971586,1877.5099152388896,2.01755355443659,1213110.7708803972,4990897.034490766,98.19042316258353,15356.606259971586,1877.5099152388896,2.01755355443659,1213110.7708803972,4990897.034490766,98.19042316258353,15356.606259971586,1877.5099152388896,2.01755355443659,1213110.7708803972,4990897.034490766,98.19042316258353,15356.606259971586,1877.5099152388896,2.01755355443659,1213110.7708803972,4990897.034490766,98.19042316258353,15356.606259971586,1877.5099152388896,2.01755355443659,1213110.7708803972,4990897.034490766,98.19042316258353,15356.606259971586,1877.5099152388896,2.01755355443659,1213110.7708803972,4990897.034490766
NER.2.3_1,6.0,NER.2.3_1,11868.415703159402,11868.415703159402,11868.415703159402,11868.415703159402,11868.415703159402,99.99930937795672,11868.415703159402,11868.415703159402,11868.415703159402,11868.415703159402,11868.415703159402,99.99930937795672,11868.415703159402,11868.415703159402,11868.415703159402,11868.415703159402,11868.415703159402,99.99930937795672,11868.415703159402,11868.415703159402,11868.415703159402,11868.415703159402,11868.415703159402,99.99930937795672,11868.415703159402,11868.415703159402,11868.415703159402,11868.415703159402,11868.415703159402,99.99930937795672,11868.415703159402,11868.415703159402,11868.415703159402,11868.415703159402,11868.415703159402,99.99930937795672,11868.415703159402,11868.415703159402,11868.415703159402,11868.415703159402,11868.415703159402,99.99930937795672,11868.415703159402,11868.415703159402,11868.415703159402,11868.415703159402,11868.415703159402,99.99930937795672,11868.415703159402,11868.415703159402,11868.415703159402,11868.415703159402,11868.415703159402,99.99930937795672,11868.415703159402,11868.415703159402,11868.415703159402,11868.415703159402,11868.415703159402,99.99930937795672,11868.415703159402,11868.415703159402,11868.415703159402,11868.415703159402,11868.415703159402,99.99930937795672,11868.415703159402,11868.415703159402,11868.415703159402,11868.415703159402,11868.415703159402
NER.3.1_1,7.0,NER.3.1_1,7908.370701007795,1401.2194726065322,0.8032883773803574,492333.65357356647,3052631.0905890088,92.63639832125143,7908.370701007795,1401.2194726065322,0.8032883773803574,492333.65357356647,3052631.0905890088,92.63639832125143,7908.370701007795,1401.2194726065322,0.8032883773803574,492333.65357356647,3052631.0905890088,92.63639832125143,7908.370701007795,1401.2194726065322,0.8032883773803574,492333.65357356647,3052631.0905890088,92.63639832125143,7908.370701007795,1401.2194726065322,0.8032883773803574,492333.65357356647,3052631.0905890088,92.63639832125143,7908.370701007795,1401.2194726065322,0.8032883773803574,492333.65357356647,3052631.0905890088,92.63639832125143,7908.370701007795,1401.2194726065322,0.8032883773803574,492333.65357356647,3052631.0905890088,92.63639832125143,7908.370701007795,1401.2194726065322,0.8032883773803574,492333.65357356647,3052631.0905890088,92.63639832125143,7908.370701007795,1401.2194726065322,0.8032883773803574,492333.65357356647,3052631.0905890088,92.63639832125143,7908.370701007795,1401.2194726065322,0.8032883773803574,492333.65357356647,3052631.0905890088,92.63639832125143,7908.370701007795,1401.2194726065322,0.8032883773803574,492333.65357356647,3052631.0905890088,92.63639832125143,7908.370701007795,1401.2194726065322,0.8032883773803574,492333.65357356647,3052631.0905890088
NER.3.2_1,8.0,NER.3.2_1,7255.760180727159,1824.9251549728,3.1579487223527534,342412.9293611923,3831041.375423941,95.93188997611526,7255.760180727159,1824.9251549728,3.1579487223527534,342412.9293611923,3831041.375423941,95.93188997611526,7255.760180727159,1824.9251549728,3.1579487223527534,342412.9293611923,3831041.375423941,95.93188997611526,7255.760180727159,1824.9251549728,3.1579487223527534,342412.9293611923,3831041.375423941,95.93188997611526,7255.760180727159,1824.9251549728,3.1579487223527534,342412.9293611923,3831041.375423941,95.93188997611526,7255.760180727159,1824.9251549728,3.1579487223527534,342412.9293611923,3831041.375423941,95.93188997611526,7255.760180727159,1824.9251549728,3.1579487223527534,342412.9293611923,3831041.375423941,95.93188997611526,7255.760180727159,1824.9251549728,3.1579487223527534,342412.9293611923,3831041.375423941,95.93188997611526,7255.760180727159,1824.9251549728,3.1579487223527534,342412.9293611923,3831041.375423941,95.93188997611526,7255.760180727159,1824.9251549728,3.1579487223527534,342412.9293611923,3831041.375423941,95.93188997611526,7255.760180727159,1824.9251549728,3.1579487223527534,342412.9293611923,3831041.375423941,95.93188997611526,7255.760180727159,1824.9251549728,3.1579487223527534,342412.9293611923,3831041.375423941
NER.3.3_1,9.0,NER.3.3_1,6887.151028168762,1375.5525284888586,12.573167064975724,218415.62347196406,1549608.9813379713,97.58609591245579,6887.151028168762,1375.5525284888586,12.573167064975724,218415.62347196406,1549608.9813379713,97.58609591245579,6887.151028168762,1375.5525284888586,12.573167064975724,218415.62347196406,1549608.9813379713,97.58609591245579,6887.151028168762,1375.5525284888586,12.573167064975724,218415.62347196406,1549608.9813379713,97.58609591245579,6887.151028168762,1375.5525284888586,12.573167064975724,218415.62347196406,1549608.9813379713,97.58609591245579,6887.151028168762,1375.5525284888586,12.573167064975724,218415.62347196406,1549608.9813379713,97.58609591245579,6887.151028168762,1375.5525284888586,12.573167064975724,218415.62347196406,1549608.9813379713,97.58609591245579,6887.151028168762,1375.5525284888586,12.573167064975724,218415.62347196406,1549608.9813379713,97.58609591245579,6887.151028168762,1375.5525284888586,12.573167064975724,218415.62347196406,1549608.9813379713,97.58609591245579,6887.151028168762,1375.5525284888586,12.573167064975724,218415.62347196406,1549608.9813379713,97.58609591245579,6887.151028168762,1375.5525284888586,12.573167064975724,218415.62347196406,1549608.9813379713,97.58609591245579,6887.151028168762,1375.5525284888586,12.573167064975724,218415.62347196406,1549608.9813379713
NER.3.4_1,10.0,NER.3.4_1,7897.865858969168,1733.784234600305,13.817777483470914,212147.26628540645,1153088.4154094984,96.93727711348856,7897.865858969168,1733.784234600305,13.817777483470914,212147.26628540645,1153088.4154094984,96.93727711348856,7897.865858969168,1733.784234600305,13.817777483470914,212147.26628540645,1153088.4154094984,96.93727711348856,7897.865858969168,1733.784234600305,13.817777483470914,212147.26628540645,1153088.4154094984,96.93727711348856,7897.865858969168,1733.784234600305,13.817777483470914,212147.26628540645,1153088.4154094984,96.93727711348856,7897.865858969168,1733.784234600305,13.817777483470914,212147.26628540645,1153088.4154094984,96.93727711348856,7897.865858969168,1733.784234600305,13.817777483470914,212147.26628540645,1153088.4154094984,96.93727711348856,7897.865858969168,1733.784234600305,13.817777483470914,212147.26628540645,1153088.4154094984,96.93727711348856,7897.865858969168,1733.784234600305,13.817777483470914,212147.26628540645,1153088.4154094984,96.93727711348856,7897.865858969168,1733.784234600305,13.817777483470914,212147.26628540645,1153088.4154094984,96.93727711348856,7897.865858969168,1733.784234600305,13.817777483470914,212147.26628540645,1153088.4154094984,96.93727711348856,7897.865858969168,1733.784234600305,13.817777483470914,212147.26628540645,1153088.4154094984
NER.3.5_1,11.0,NER.3.5_1,22859.892888678252,1227.8920215031849,40.138044653972905,963912.3826022005,2468868.431977251,97.58226997985226,22859.892888678252,1227.8920215031849,40.138044653972905,963912.3826022005,2468868.431977251,97.58226997985226,22859.892888678252,1227.8920215031849,40.138044653972905,963912.3826022005,2468868.431977251,97.58226997985226,22859.892888678252,1227.8920215031849,40.138044653972905,963912.3826022005,2468868.431977251,97.58226997985226,22859.892888678252,1227.8920215031849,40.138044653972905,963912.3826022005,2468868.431977251,97.58226997985226,22859.892888678252,1227.8920215031849,40.138044653972905,963912.3826022005,2468868.431977251,97.58226997985226,22859.892888678252,1227.8920215031849,40.138044653972905,963912.3826022005,2468868.431977251,97.58226997985226,22859.892888678252,1227.8920215031849,40.138044653972905,963912.3826022005,2468868.431977251,97.58226997985226,22859.892888678252,1227.8920215031849,40.138044653972905,963912.3826022005,2468868.431977251,97.58226997985226,22859.892888678252,1227.8920215031849,40.138044653972905,963912.3826022005,2468868.431977251,97.58226997985226,22859.892888678252,1227.8920215031849,40.138044653972905,963912.3826022005,2468868.431977251,97.58226997985226,22859.892888678252,1227.8920215031849,40.138044653972905,963912.3826022005,2468868.431977251
NER.4.1_1,12.0,NER.4.1_1,10804.537734613963,1379.8581469161686,3.8241702890364735,979592.9708517841,3943656.2731340975,89.03574647041155,10804.537734613963,1379.8581469161686,3.8241702890364735,979592.9708517841,3943656.2731340975,89.03574647041155,10804.537734613963,1379.8581469161686,3.8241702890364735,979592.9708517841,3943656.2731340975,89.03574647041155,10804.537734613963,1379.8581469161686,3.8241702890364735,979592.9708517841,3943656.2731340975,89.03574647041155,10804.537734613963,1379.8581469161686,3.8241702890364735,979592.9708517841,3943656.2731340975,89.03574647041155,10804.537734613963,1379.8581469161686,3.8241702890364735,979592.9708517841,3943656.2731340975,89.03574647041155,10804.537734613963,1379.8581469161686,3.8241702890364735,979592.9708517841,3943656.2731340975,89.03574647041155,10804.537734613963,1379.8581469161686,3.8241702890364735,979592.9708517841,3943656.2731340975,89.03574647041155,10804.537734613963,1379.8581469161686,3.8241702890364735,979592.9708517841,3943656.2731340975,89.03574647041155,10804.537734613963,1379.8581469161686,3.8241702890364735,979592.9708517841,3943656.2731340975,89.03574647041155,10804.537734613963,1379.8581469161686,3.8241702890364735,979592.9708517841,3943656.2731340975,89.03574647041155,10804.537734613963,1379.8581469161686,3.8241702890364735,979592.9708517841,3943656.2731340975
NER.4.2_1,13.0,NER.4.2_1,47702.19463128578,3002.4392631294545,18.635205045372256,1207673.6960508702,2528216.3154581464,99.7256018638364,47702.19463128578,3002.4392631294545,18.635205045372256,1207673.6960508702,2528216.3154581464,99.7256018638364,47702.19463128578,3002.4392631294545,18.635205045372256,1207673.6960508702,2528216.3154581464,99.7256018638364,47702.19463128578,3002.4392631294545,18.635205045372256,1207673.6960508702,2528216.3154581464,99.7256018638364,47702.19463128578,3002.4392631294545,18.635205045372256,1207673.6960508702,2528216.3154581464,99.7256018638364,47702.19463128578,3002.4392631294545,18.635205045372256,1207673.6960508702,2528216.3154581464,99.7256018638364,47702.19463128578,3002.4392631294545,18.635205045372256,1207673.6960508702,2528216.3154581464,99.7256018638364,47702.19463128578,3002.4392631294545,18.635205045372256,1207673.6960508702,2528216.3154581464,99.7256018638364,47702.19463128578,3002.4392631294545,18.635205045372256,1207673.6960508702,2528216.3154581464,99.7256018638364,47702.19463128578,3002.4392631294545,18.635205045372256,1207673.6960508702,2528216.3154581464,99.7256018638364,47702.19463128578,3002.4392631294545,18.635205045372256,1207673.6960508702,2528216.3154581464,99.7256018638364,47702.19463128578,3002.4392631294545,18.635205045372256,1207673.6960508702,2528216.3154581464
NER.4.3_1,14.0,NER.4.3_1,15226.098167689597,2249.899721832793,2.568264865517292,1008313.619197582,5968630.481734321,92.93056807935076,15226.098167689597,2249.899721832793,2.568264865517292,1008313.619197582,5968630.481734321,92.93056807935076,15226.098167689597,2249.899721832793,2.568264865517292,1008313.619197582,5968630.481734321,92.93056807935076,15226.098167689597,2249.899721832793,2.568264865517292,1008313.619197582,5968630.481734321,92.93056807935076,15226.098167689597,2249.899721832793,2.568264865517292,1008313.619197582,5968630.481734321,92.93056807935076,15226.098167689597,2249.899721832793,2.568264865517292,1008313.619197582,5968630.481734321,92.93056807935076,15226.098167689597,2249.899721832793,2.568264865517292,1008313.619197582,5968630.481734321,92.93056807935076,15226.098167689597,2249.899721832793,2.568264865517292,1008313.619197582,5968630.481734321,92.93056807935076,15226.098167689597,2249.899721832793,2.568264865517292,1008313.619197582,5968630.481734321,92.93056807935076,15226.098167689597,2249.899721832793,2.568264865517292,1008313.619197582,5968630.481734321,92.93056807935076,15226.098167689597,2249.899721832793,2.568264865517292,1008313.619197582,5968630.481734321,92.93056807935076,15226.098167689597,2249.899721832793,2.568264865517292,1008313.619197582,5968630.481734321
NER.4.4_1,15.0,NER.4.4_1,8862.881499303032,1447.0963560011414,15.938752465730472,366805.20191878546,4963213.639609698,86.851373561869,8862.881499303032,1447.0963560011414,15.938752465730472,366805.20191878546,4963213.639609698,86.851373561869,8862.881499303032,1447.0963560011414,15.938752465730472,366805.20191878546,4963213.639609698,86.851373561869,8862.881499303032,1447.0963560011414,15.938752465730472,366805.20191878546,4963213.639609698,86.851373561869,8862.881499303032,1447.0963560011414,15.938752465730472,366805.20191878546,4963213.639609698,86.851373561869,8862.881499303032,1447.0963560011414,15.938752465730472,366805.20191878546,4963213.639609698,86.851373561869,8862.881499303032,1447.0963560011414,15.938752465730472,366805.20191878546,4963213.639609698,86.851373561869,8862.881499303032,1447.0963560011414,15.938752465730472,366805.20191878546,4963213.639609698,86.851373561869,8862.881499303032,1447.0963560011414,15.938752465730472,366805.20191878546,4963213.639609698,86.851373561869,8862.881499303032,1447.0963560011414,15.938752465730472,366805.20191878546,4963213.639609698,86.851373561869,8862.881499303032,1447.0963560011414,15.938752465730472,366805.20191878546,4963213.639609698,86.851373561869,8862.881499303032,1447.0963560011414,15.938752465730472,366805.20191878546,4963213.639609698
NER.4.5_1,16.0,NER.4.5_1,8897.789491771578,1387.1094000986013,1.865512326865156,676444.3551953628,1975309.2671732903,97.07008050679687,8897.789491771578,1387.1094000986013,1.865512326865156,676444.3551953628,1975309.2671732903,97.07008050679687,8897.789491771578,1387.1094000986013,1.865512326865156,676444.3551953628,1975309.2671732903,97.07008050679687,8897.789491771578,1387.1094000986013,1.865512326865156,676444.3551953628,1975309.2671732903,97.07008050679687,8897.789491771578,1387.1094000986013,1.865512326865156,676444.3551953628,1975309.2671732903,97.07008050679687,8897.789491771578,1387.1094000986013,1.865512326865156,676444.3551953628,1975309.2671732903,97.07008050679687,8897.789491771578,1387.1094000986013,1.865512326865156,676444.3551953628,1975309.2671732903,97.07008050679687,8897.789491771578,1387.1094000986013,1.865512326865156,676444.3551953628,1975309.2671732903,97.07008050679687,8897.789491771578,1387.1094000986013,1.865512326865156,676444.3551953628,1975309.2671732903,97.07008050679687,8897.789491771578,1387.1094000986013,1.865512326865156,676444.3551953628,1975309.2671732903,97.07008050679687,8897.789491771578,1387.1094000986013,1.865512326865156,676444.3551953628,1975309.2671732903,97.07008050679687,8897.789491771578,1387.1094000986013,1.865512326865156,676444.3551953628,1975309.2671732903
NER.4.6_1,17.0,NER.4.6_1,8488.366955345937,1508.2241360131015,0.2735809374286588,425671.5478695339,4176276.5420302013,91.71856589799695,8488.366955345937,1508.2241360131015,0.2735809374286588,425671.5478695339,4176276.5420302013,91.71856589799695,8488.366955345937,1508.2241360131015,0.2735809374286588,425671.5478695339,4176276.5420302013,91.71856589799695,8488.366955345937,1508.2241360131015,0.2735809374286588,425671.5478695339,4176276.5420302013,91.71856589799695,8488.366955345937,1508.2241360131015,0.2735809374286588,425671.5478695339,4176276.5420302013,91.71856589799695,8488.366955345937,1508.2241360131015,0.2735809374286588,425671.5478695339,4176276.5420302013,91.71856589799695,8488.366955345937,1508.2241360131015,0.2735809374286588,425671.5478695339,4176276.5420302013,91.71856589799695,8488.366955345937,1508.2241360131015,0.2735809374286588,425671.5478695339,4176276.5420302013,91.71856589799695,8488.366955345937,1508.2241360131015,0.2735809374286588,425671.5478695339,4176276.5420302013,91.71856589799695,8488.366955345937,1508.2241360131015,0.2735809374286588,425671.5478695339,4176276.5420302013,91.71856589799695,8488.366955345937,1508.2241360131015,0.2735809374286588,425671.5478695339,4176276.5420302013,91.71856589799695,8488.366955345937,1508.2241360131015,0.2735809374286588,425671.5478695339,4176276.5420302013
NER.5.1_1,18.0,NER.5.1_1,6901.662907070328,1256.9194666821554,101.42152661471957,243158.45204279304,1435545.8846706282,55.26881720430108,6901.662907070328,1256.9194666821554,101.42152661471957,243158.45204279304,1435545.8846706282,55.26881720430108,6901.662907070328,1256.9194666821554,101.42152661471957,243158.45204279304,1435545.8846706282,55.26881720430108,6901.662907070328,1256.9194666821554,101.42152661471957,243158.45204279304,1435545.8846706282,55.26881720430108,6901.662907070328,1256.9194666821554,101.42152661471957,243158.45204279304,1435545.8846706282,55.26881720430108,6901.662907070328,1256.9194666821554,101.42152661471957,243158.45204279304,1435545.8846706282,55.26881720430108,6901.662907070328,1256.9194666821554,101.42152661471957,243158.45204279304,1435545.8846706282,55.26881720430108,6901.662907070328,1256.9194666821554,101.42152661471957,243158.45204279304,1435545.8846706282,55.26881720430108,6901.662907070328,1256.9194666821554,101.42152661471957,243158.45204279304,1435545.8846706282,55.26881720430108,6901.662907070328,1256.9194666821554,101.42152661471957,243158.45204279304,1435545.8846706282,55.26881720430108,6901.662907070328,1256.9194666821554,101.42152661471957,243158.45204279304,1435545.8846706282,55.26881720430108,6901.662907070328,1256.9194666821554,101.42152661471957,243158.45204279304,1435545.8846706282
NER.6.1_1,19.0,NER.6.1_1,7324.360531185282,1298.7455004533235,1.7915067882437568,187090.82699283675,1897009.3775769882,95.40291089811855,7324.360531185282,1298.7455004533235,1.7915067882437568,187090.82699283675,1897009.3775769882,95.40291089811855,7324.360531185282,1298.7455004533235,1.7915067882437568,187090.82699283675,1897009.3775769882,95.40291089811855,7324.360531185282,1298.7455004533235,1.7915067882437568,187090.82699283675,1897009.3775769882,95.40291089811855,7324.360531185282,1298.7455004533235,1.7915067882437568,187090.82699283675,1897009.3775769882,95.40291089811855,7324.360531185282,1298.7455004533235,1.7915067882437568,187090.82699283675,1897009.3775769882,95.40291089811855,7324.360531185282,1298.7455004533235,1.7915067882437568,187090.82699283675,1897009.3775769882,95.40291089811855,7324.360531185282,1298.7455004533235,1.7915067882437568,187090.82699283675,1897009.3775769882,95.40291089811855,7324.360531185282,1298.7455004533235,1.7915067882437568,187090.82699283675,1897009.3775769882,95.40291089811855,7324.360531185282,1298.7455004533235,1.7915067882437568,187090.82699283675,1897009.3775769882,95.40291089811855,7324.360531185282,1298.7455004533235,1.7915067882437568,187090.82699283675,1897009.3775769882,95.40291089811855,7324.360531185282,1298.7455004533235,1.7915067882437568,187090.82699283675,1897009.3775769882
NER.6.2_1,20.0,NER.6.2_1,52846.26637623486,2080.9577125289875,175.5332002157666,403419.2408697464,475616.3973861138,99.78266119294857,52846.26637623486,2080.9577125289875,175.5332002157666,403419.2408697464,475616.3973861138,99.78266119294857,52846.26637623486,2080.9577125289875,175.5332002157666,403419.2408697464,475616.3973861138,99.78266119294857,52846.26637623486,2080.9577125289875,175.5332002157666,403419.2408697464,475616.3973861138,99.78266119294857,52846.26637623486,2080.9577125289875,175.5332002157666,403419.2408697464,475616.3973861138,99.78266119294857,52846.26637623486,2080.9577125289875,175.5332002157666,403419.2408697464,475616.3973861138,99.78266119294857,52846.26637623486,2080.9577125289875,175.5332002157666,403419.2408697464,475616.3973861138,99.78266119294857,52846.26637623486,2080.9577125289875,175.5332002157666,403419.2408697464,475616.3973861138,99.78266119294857,52846.26637623486,2080.9577125289875,175.5332002157666,403419.2408697464,475616.3973861138,99.78266119294857,52846.26637623486,2080.9577125289875,175.5332002157666,403419.2408697464,475616.3973861138,99.78266119294857,52846.26637623486,2080.9577125289875,175.5332002157666,403419.2408697464,475616.3973861138,99.78266119294857,52846.26637623486,2080.9577125289875,175.5332002157666,403419.2408697464,475616.3973861138
NER.6.3_1,21.0,NER.6.3_1,16527.51181828529,1440.0939090187985,41.80340295772649,267159.0185953173,363605.26000227634,99.70872500992985,16527.51181828529,1440.0939090187985,41.80340295772649,267159.0185953173,363605.26000227634,99.70872500992985,16527.51181828529,1440.0939090187985,41.80340295772649,267159.0185953173,363605.26000227634,99.70872500992985,16527.51181828529,1440.0939090187985,41.80340295772649,267159.0185953173,363605.26000227634,99.70872500992985,16527.51181828529,1440.0939090187985,41.80340295772649,267159.0185953173,363605.26000227634,99.70872500992985,16527.51181828529,1440.0939090187985,41.80340295772649,267159.0185953173,363605.26000227634,99.70872500992985,16527.51181828529,1440.0939090187985,41.80340295772649,267159.0185953173,363605.26000227634,99.70872500992985,16527.51181828529,1440.0939090187985,41.80340295772649,267159.0185953173,363605.26000227634,99.70872500992985,16527.51181828529,1440.0939090187985,41.80340295772649,267159.0185953173,363605.26000227634,99.70872500992985,16527.51181828529,1440.0939090187985,41.80340295772649,267159.0185953173,363605.26000227634,99.70872500992985,16527.51181828529,1440.0939090187985,41.80340295772649,267159.0185953173,363605.26000227634,99.70872500992985,16527.51181828529,1440.0939090187985,41.80340295772649,267159.0185953173,363605.26000227634
NER.6.4_1,22.0,NER.6.4_1,14183.620381244,5164.796220264303,135.16863060894195,66512.13352405443,326223.268768612,99.60138648180242,14183.620381244,5164.796220264303,135.16863060894195,66512.13352405443,326223.268768612,99.60138648180242,14183.620381244,5164.796220264303,135.16863060894195,66512.13352405443,326223.268768612,99.60138648180242,14183.620381244,5164.796220264303,135.16863060894195,66512.13352405443,326223.268768612,99.60138648180242,14183.620381244,5164.796220264303,135.16863060894195,66512.13352405443,326223.268768612,99.60138648180242,14183.620381244,5164.796220264303,135.16863060894195,66512.13352405443,326223.268768612,99.60138648180242,14183.620381244,5164.796220264303,135.16863060894195,66512.13352405443,326223.268768612,99.60138648180242,14183.620381244,5164.796220264303,135.16863060894195,66512.13352405443,326223.268768612,99.60138648180242,14183.620381244,5164.796220264303,135.16863060894195,66512.13352405443,326223.268768612,99.60138648180242,14183.620381244,5164.796220264303,135.16863060894195,66512.13352405443,326223.268768612,99.60138648180242,14183.620381244,5164.796220264303,135.16863060894195,66512.13352405443,326223.268768612,99.60138648180242,14183.620381244,5164.796220264303,135.16863060894195,66512.13352405443,326223.268768612
NER.6.5_1,23.0,NER.6.5_1,100451.14890794561,1792.3174530009424,7.803862201283161,5071610.6213401435,11752784.422229635,97.77354900095148,100451.14890794561,1792.3174530009424,7.803862201283161,5071610.6213401435,11752784.422229635,97.77354900095148,100451.14890794561,1792.3174530009424,7.803862201283161,5071610.6213401435,11752784.422229635,97.77354900095148,100451.14890794561,1792.3174530009424,7.803862201283161,5071610.6213401435,11752784.422229635,97.77354900095148,100451.14890794561,1792.3174530009424,7.803862201283161,5071610.6213401435,11752784.422229635,97.77354900095148,100451.14890794561,1792.3174530009424,7.803862201283161,5071610.6213401435,11752784.422229635,97.77354900095148,100451.14890794561,1792.3174530009424,7.803862201283161,5071610.6213401435,11752784.422229635,97.77354900095148,100451.14890794561,1792.3174530009424,7.803862201283161,5071610.6213401435,11752784.422229635,97.77354900095148,100451.14890794561,1792.3174530009424,7.803862201283161,5071610.6213401435,11752784.422229635,97.77354900095148,100451.14890794561,1792.3174530009424,7.803862201283161,5071610.6213401435,11752784.422229635,97.77354900095148,100451.14890794561,1792.3174530009424,7.803862201283161,5071610.6213401435,11752784.422229635,97.77354900095148,100451.14890794561,1792.3174530009424,7.803862201283161,5071610.6213401435,11752784.422229635
NER.6.6_1,24.0,NER.6.6_1,1363.6437993243069,1013.0421920100003,2.8295866201117663,5883.139562912757,31363.807384459047,99.78403755868544,1363.6437993243069,1013.0421920100003,2.8295866201117663,5883.139562912757,31363.807384459047,99.78403755868544,1363.6437993243069,1013.0421920100003,2.8295866201117663,5883.139562912757,31363.807384459047,99.78403755868544,1363.6437993243069,1013.0421920100003,2.8295866201117663,5883.139562912757,31363.807384459047,99.78403755868544,1363.6437993243069,1013.0421920100003,2.8295866201117663,5883.139562912757,31363.807384459047,99.78403755868544,1363.6437993243069,1013.0421920100003,2.8295866201117663,5883.139562912757,31363.807384459047,99.78403755868544,1363.6437993243069,1013.0421920100003,2.8295866201117663,5883.139562912757,31363.807384459047,99.78403755868544,1363.6437993243069,1013.0421920100003,2.8295866201117663,5883.139562912757,31363.807384459047,99.78403755868544,1363.6437993243069,1013.0421920100003,2.8295866201117663,5883.139562912757,31363.807384459047,99.78403755868544,1363.6437993243069,1013.0421920100003,2.8295866201117663,5883.139562912757,31363.807384459047,99.78403755868544,1363.6437993243069,1013.0421920100003,2.8295866201117663,5883.139562912757,31363.807384459047,99.78403755868544,1363.6437993243069,1013.0421920100003,2.8295866201117663,5883.139562912757,31363.807384459047
NER.6.7_1,25.0,NER.6.7_1,252872.24665291051,307.93016342455644,38.15450330483951,27649843.766265426,28068819.37847306,99.86979930325032,252872.24665291051,307.93016342455644,38.15450330483951,27649843.766265426,28068819.37847306,99.86979930325032,252872.24665291051,307.93016342455644,38.15450330483951,27649843.766265426,28068819.37847306,99.86979930325032,252872.24665291051,307.93016342455644,38.15450330483951,27649843.766265426,28068819.37847306,99.86979930325032,252872.24665291051,307.93016342455644,38.15450330483951,27649843.766265426,28068819.37847306,99.86979930325032,252872.24665291051,307.93016342455644,38.15450330483951,27649843.766265426,28068819.37847306,99.86979930325032,252872.24665291051,307.93016342455644,38.15450330483951,27649843.766265426,28068819.37847306,99.86979930325032,252872.24665291051,307.93016342455644,38.15450330483951,27649843.766265426,28068819.37847306,99.86979930325032,252872.24665291051,307.93016342455644,38.15450330483951,27649843.766265426,28068819.37847306,99.86979930325032,252872.24665291051,307.93016342455644,38.15450330483951,27649843.766265426,28068819.37847306,99.86979930325032,252872.24665291051,307.93016342455644,38.15450330483951,27649843.766265426,28068819.37847306,99.86979930325032,252872.24665291051,307.93016342455644,38.15450330483951,27649843.766265426,28068819.37847306
NER.7.1_1,26.0,NER.7.1_1,15400.335293544882,2172.4039453688224,20.87624866174536,499040.6221253681,2494854.317554271,99.42545041849907,15400.335293544882,2172.4039453688224,20.87624866174536,499040.6221253681,2494854.317554271,99.42545041849907,15400.335293544882,2172.4039453688224,20.87624866174536,499040.6221253681,2494854.317554271,99.42545041849907,15400.335293544882,2172.4039453688224,20.87624866174536,499040.6221253681,2494854.317554271,99.42545041849907,15400.335293544882,2172.4039453688224,20.87624866174536,499040.6221253681,2494854.317554271,99.42545041849907,15400.335293544882,2172.4039453688224,20.87624866174536,499040.6221253681,2494854.317554271,99.42545041849907,15400.335293544882,2172.4039453688224,20.87624866174536,499040.6221253681,2494854.317554271,99.42545041849907,15400.335293544882,2172.4039453688224,20.87624866174536,499040.6221253681,2494854.317554271,99.42545041849907,15400.335293544882,2172.4039453688224,20.87624866174536,499040.6221253681,2494854.317554271,99.42545041849907,15400.335293544882,2172.4039453688224,20.87624866174536,499040.6221253681,2494854.317554271,99.42545041849907,15400.335293544882,2172.4039453688224,20.87624866174536,499040.6221253681,2494854.317554271,99.42545041849907,15400.335293544882,2172.4039453688224,20.87624866174536,499040.6221253681,2494854.317554271
NER.7.2_1,27.0,NER.7.2_1,3491.3130979549987,739.5447087870599,11.591943790776458,81673.25572179639,652875.5493175847,97.96185286103542,3491.3130979549987,739.5447087870599,11.591943790776458,81673.25572179639,652875.5493175847,97.96185286103542,3491.3130979549987,739.5447087870599,11.591943790776458,81673.25572179639,652875.5493175847,97.96185286103542,3491.3130979549987,739.5447087870599,11.591943790776458,81673.25572179639,652875.5493175847,97.96185286103542,3491.3130979549987,739.5447087870599,11.591943790776458,81673.25572179639,652875.5493175847,97.96185286103542,3491.3130979549987,739.5447087870599,11.591943790776458,81673.25572179639,652875.5493175847,97.96185286103542,3491.3130979549987,739.5447087870599,11.591943790776458,81673.25572179639,652875.5493175847,97.96185286103542,3491.3130979549987,739.5447087870599,11.591943790776458,81673.25572179639,652875.5493175847,97.96185286103542,3491.3130979549987,739.5447087870599,11.591943790776458,81673.25572179639,652875.5493175847,97.96185286103542,3491.3130979549987,739.5447087870599,11.591943790776458,81673.25572179639,652875.5493175847,97.96185286103542,3491.3130979549987,739.5447087870599,11.591943790776458,81673.25572179639,652875.5493175847,97.96185286103542,3491.3130979549987,739.5447087870599,11.591943790776458,81673.25572179639,652875.5493175847
NER.7.3_1,28.0,NER.7.3_1,25850.441324689902,3070.3731767741883,24.962002578598828,199513.54983551294,413607.0611950385,99.93394162090748,25850.441324689902,3070.3731767741883,24.962002578598828,199513.54983551294,413607.0611950385,99.93394162090748,25850.441324689902,3070.3731767741883,24.962002578598828,199513.54983551294,413607.0611950385,99.93394162090748,25850.441324689902,3070.3731767741883,24.962002578598828,199513.54983551294,413607.0611950385,99.93394162090748,25850.441324689902,3070.3731767741883,24.962002578598828,199513.54983551294,413607.0611950385,99.93394162090748,25850.441324689902,3070.3731767741883,24.962002578598828,199513.54983551294,413607.0611950385,99.93394162090748,25850.441324689902,3070.3731767741883,24.962002578598828,199513.54983551294,413607.0611950385,99.93394162090748,25850.441324689902,3070.3731767741883,24.962002578598828,199513.54983551294,413607.0611950385,99.93394162090748,25850.441324689902,3070.3731767741883,24.962002578598828,199513.54983551294,413607.0611950385,99.93394162090748,25850.441324689902,3070.3731767741883,24.962002578598828,199513.54983551294,413607.0611950385,99.93394162090748,25850.441324689902,3070.3731767741883,24.962002578598828,199513.54983551294,413607.0611950385,99.93394162090748,25850.441324689902,3070.3731767741883,24.962002578598828,199513.54983551294,413607.0611950385
NER.7.4_1,29.0,NER.7.4_1,29088.019834469127,770.5533371668428,6.651347175243322,1979591.2010664232,3665090.49914311,99.26850507982584,29088.019834469127,770.5533371668428,6.651347175243322,1979591.2010664232,3665090.49914311,99.26850507982584,29088.019834469127,770.5533371668428,6.651347175243322,1979591.2010664232,3665090.49914311,99.26850507982584,29088.019834469127,770.5533371668428,6.651347175243322,1979591.2010664232,3665090.49914311,99.26850507982584,29088.019834469127,770.5533371668428,6.651347175243322,1979591.2010664232,3665090.49914311,99.26850507982584,29088.019834469127,770.5533371668428,6.651347175243322,1979591.2010664232,3665090.49914311,99.26850507982584,29088.019834469127,770.5533371668428,6.651347175243322,1979591.2010664232,3665090.49914311,99.26850507982584,29088.019834469127,770.5533371668428,6.651347175243322,1979591.2010664232,3665090.49914311,99.26850507982584,29088.019834469127,770.5533371668428,6.651347175243322,1979591.2010664232,3665090.49914311,99.26850507982584,29088.019834469127,770.5533371668428,6.651347175243322,1979591.2010664232,3665090.49914311,99.26850507982584,29088.019834469127,770.5533371668428,6.651347175243322,1979591.2010664232,3665090.49914311,99.26850507982584,29088.019834469127,770.5533371668428,6.651347175243322,1979591.2010664232,3665090.49914311
NER.7.5_1,30.0,NER.7.5_1,1825.6248686663141,207.07109897752616,1.527141188976194,15384.233107450344,43814.99684799153,99.86306059568639,1825.6248686663141,207.07109897752616,1.527141188976194,15384.233107450344,43814.99684799153,99.86306059568639,1825.6248686663141,207.07109897752616,1.527141188976194,15384.233107450344,43814.99684799153,99.86306059568639,1825.6248686663141,207.07109897752616,1.527141188976194,15384.233107450344,43814.99684799153,99.86306059568639,1825.6248686663141,207.07109897752616,1.527141188976194,15384.233107450344,43814.99684799153,99.86306059568639,1825.6248686663141,207.07109897752616,1.527141188976194,15384.233107450344,43814.99684799153,99.86306059568639,1825.6248686663141,207.07109897752616,1.527141188976194,15384.233107450344,43814.99684799153,99.86306059568639,1825.6248686663141,207.07109897752616,1.527141188976194,15384.233107450344,43814.99684799153,99.86306059568639,1825.6248686663141,207.07109897752616,1.527141188976194,15384.233107450344,43814.99684799153,99.86306059568639,1825.6248686663141,207.07109897752616,1.527141188976194,15384.233107450344,43814.99684799153,99.86306059568639,1825.6248686663141,207.07109897752616,1.527141188976194,15384.233107450344,43814.99684799153,99.86306059568639,1825.6248686663141,207.07109897752616,1.527141188976194,15384.233107450344,43814.99684799153
NER.7.6_1,31.0,NER.7.6_1,12363.436160610256,1367.7496128000962,6.1658505452617405,124633.5297901407,148361.23392732308,99.87384356602188,12363.436160610256,1367.7496128000962,6.1658505452617405,124633.5297901407,148361.23392732308,99.87384356602188,12363.436160610256,1367.7496128000962,6.1658505452617405,124633.5297901407,148361.23392732308,99.87384356602188,12363.436160610256,1367.7496128000962,6.1658505452617405,124633.5297901407,148361.23392732308,99.87384356602188,12363.436160610256,1367.7496128000962,6.1658505452617405,124633.5297901407,148361.23392732308,99.87384356602188,12363.436160610256,1367.7496128000962,6.1658505452617405,124633.5297901407,148361.23392732308,99.87384356602188,12363.436160610256,1367.7496128000962,6.1658505452617405,124633.5297901407,148361.23392732308,99.87384356602188,12363.436160610256,1367.7496128000962,6.1658505452617405,124633.5297901407,148361.23392732308,99.87384356602188,12363.436160610256,1367.7496128000962,6.1658505452617405,124633.5297901407,148361.23392732308,99.87384356602188,12363.436160610256,1367.7496128000962,6.1658505452617405,124633.5297901407,148361.23392732308,99.87384356602188,12363.436160610256,1367.7496128000962,6.1658505452617405,124633.5297901407,148361.23392732308,99.87384356602188,12363.436160610256,1367.7496128000962,6.1658505452617405,124633.5297901407,148361.23392732308
NER.8.1_1,32.0,NER.8.1_1,2647.415184374117,833.0132502253067,0.1597437885753898,85784.01333736816,2578582.3895803904,99.06457685067804,2647.415184374117,833.0132502253067,0.1597437885753898,85784.01333736816,2578582.3895803904,99.06457685067804,2647.415184374117,833.0132502253067,0.1597437885753898,85784.01333736816,2578582.3895803904,99.06457685067804,2647.415184374117,833.0132502253067,0.1597437885753898,85784.01333736816,2578582.3895803904,99.06457685067804,2647.415184374117,833.0132502253067,0.1597437885753898,85784.01333736816,2578582.3895803904,99.06457685067804,2647.415184374117,833.0132502253067,0.1597437885753898,85784.01333736816,2578582.3895803904,99.06457685067804,2647.415184374117,833.0132502253067,0.1597437885753898,85784.01333736816,2578582.3895803904,99.06457685067804,2647.415184374117,833.0132502253067,0.1597437885753898,85784.01333736816,2578582.3895803904,99.06457685067804,2647.415184374117,833.0132502253067,0.1597437885753898,85784.01333736816,2578582.3895803904,99.06457685067804,2647.415184374117,833.0132502253067,0.1597437885753898,85784.01333736816,2578582.3895803904,99.06457685067804,2647.415184374117,833.0132502253067,0.1597437885753898,85784.01333736816,2578582.3895803904,99.06457685067804,2647.415184374117,833.0132502253067,0.1597437885753898,85784.01333736816,2578582.3895803904
NER.8.2_1,33.0,NER.8.2_1,14163.102824878408,820.5829551122731,3.4292875285071043,16392015.42376108,27872986.35936071,78.92482330263441,14163.102824878408,820.5829551122731,3.4292875285071043,16392015.42376108,27872986.35936071,78.92482330263441,14163.102824878408,820.5829551122731,3.4292875285071043,16392015.42376108,27872986.35936071,78.92482330263441,14163.102824878408,820.5829551122731,3.4292875285071043,16392015.42376108,27872986.35936071,78.92482330263441,14163.102824878408,820.5829551122731,3.4292875285071043,16392015.42376108,27872986.35936071,78.92482330263441,14163.102824878408,820.5829551122731,3.4292875285071043,16392015.42376108,27872986.35936071,78.92482330263441,14163.102824878408,820.5829551122731,3.4292875285071043,16392015.42376108,27872986.35936071,78.92482330263441,14163.102824878408,820.5829551122731,3.4292875285071043,16392015.42376108,27872986.35936071,78.92482330263441,14163.102824878408,820.5829551122731,3.4292875285071043,16392015.42376108,27872986.35936071,78.92482330263441,14163.102824878408,820.5829551122731,3.4292875285071043,16392015.42376108,27872986.35936071,78.92482330263441,14163.102824878408,820.5829551122731,3.4292875285071043,16392015.42376108,27872986.35936071,78.92482330263441,14163.102824878408,820.5829551122731,3.4292875285071043,16392015.42376108,27872986.35936071
NER.8.3_1,34.0,NER.8.3_1,15347.65913886049,1226.556466124236,1.0878771142803194,2614178.077645333,7075270.863014686,82.15253581107241,15347.65913886049,1226.556466124236,1.0878771142803194,2614178.077645333,7075270.863014686,82.15253581107241,15347.65913886049,1226.556466124236,1.0878771142803194,2614178.077645333,7075270.863014686,82.15253581107241,15347.65913886049,1226.556466124236,1.0878771142803194,2614178.077645333,7075270.863014686,82.15253581107241,15347.65913886049,1226.556466124236,1.0878771142803194,2614178.077645333,7075270.863014686,82.15253581107241,15347.65913886049,1226.556466124236,1.0878771142803194,2614178.077645333,7075270.863014686,82.15253581107241,15347.65913886049,1226.556466124236,1.0878771142803194,2614178.077645333,7075270.863014686,82.15253581107241,15347.65913886049,1226.556466124236,1.0878771142803194,2614178.077645333,7075270.863014686,82.15253581107241,15347.65913886049,1226.556466124236,1.0878771142803194,2614178.077645333,7075270.863014686,82.15253581107241,15347.65913886049,1226.556466124236,1.0878771142803194,2614178.077645333,7075270.863014686,82.15253581107241,15347.65913886049,1226.556466124236,1.0878771142803194,2614178.077645333,7075270.863014686,82.15253581107241,15347.65913886049,1226.556466124236,1.0878771142803194,2614178.077645333,7075270.863014686
NER.8.4_1,35.0,NER.8.4_1,6952.482591927746,1404.2113096564065,5.6450286958822655,422555.3394633439,7898020.224429917,92.74492272320856,6952.482591927746,1404.2113096564065,5.6450286958822655,422555.3394633439,7898020.224429917,92.74492272320856,6952.482591927746,1404.2113096564065,5.6450286958822655,422555.3394633439,7898020.224429917,92.74492272320856,6952.482591927746,1404.2113096564065,5.6450286958822655,422555.3394633439,7898020.224429917,92.74492272320856,6952.482591927746,1404.2113096564065,5.6450286958822655,422555.3394633439,7898020.224429917,92.74492272320856,6952.482591927746,1404.2113096564065,5.6450286958822655,422555.3394633439,7898020.224429917,92.74492272320856,6952.482591927746,1404.2113096564065,5.6450286958822655,422555.3394633439,7898020.224429917,92.74492272320856,6952.482591927746,1404.2113096564065,5.6450286958822655,422555.3394633439,7898020.224429917,92.74492272320856,6952.482591927746,1404.2113096564065,5.6450286958822655,422555.3394633439,7898020.224429917,92.74492272320856,6952.482591927746,1404.2113096564065,5.6450286958822655,422555.3394633439,7898020.224429917,92.74492272320856,6952.482591927746,1404.2113096564065,5.6450286958822655,422555.3394633439,7898020.224429917,92.74492272320856,6952.482591927746,1404.2113096564065,5.6450286958822655,422555.3394633439,7898020.224429917
NER.8.5_1,36.0,NER.8.5_1,69040.78828365018,4044.776053321732,38.11533083268032,987138.6058793813,4694773.603288213,99.823706315462,69040.78828365018,4044.776053321732,38.11533083268032,987138.6058793813,4694773.603288213,99.823706315462,69040.78828365018,4044.776053321732,38.11533083268032,987138.6058793813,4694773.603288213,99.823706315462,69040.78828365018,4044.776053321732,38.11533083268032,987138.6058793813,4694773.603288213,99.823706315462,69040.78828365018,4044.776053321732,38.11533083268032,987138.6058793813,4694773.603288213,99.823706315462,69040.78828365018,4044.776053321732,38.11533083268032,987138.6058793813,4694773.603288213,99.823706315462,69040.78828365018,4044.776053321732,38.11533083268032,987138.6058793813,4694773.603288213,99.823706315462,69040.78828365018,4044.776053321732,38.11533083268032,987138.6058793813,4694773.603288213,99.823706315462,69040.78828365018,4044.776053321732,38.11533083268032,987138.6058793813,4694773.603288213,99.823706315462,69040.78828365018,4044.776053321732,38.11533083268032,987138.6058793813,4694773.603288213,99.823706315462,69040.78828365018,4044.776053321732,38.11533083268032,987138.6058793813,4694773.603288213,99.823706315462,69040.78828365018,4044.776053321732,38.11533083268032,987138.6058793813,4694773.603288213
