GID_2,adm_id,mean_01,median_01,min_01,max_01,sum_01,perc_nodata_01,mean_02,median_02,min_02,max_02,sum_02,perc_nodata_02,mean_03,median_03,min_03,max_03,sum_03,perc_nodata_03,mean_04,median_04,min_04,max_04,sum_04,perc_nodata_04,mean_05,median_05,min_05,max_05,sum_05,perc_nodata_05,mean_06,median_06,min_06,max_06,sum_06,perc_nodata_06,mean_07,median_07,min_07,max_07,sum_07,perc_nodata_07,mean_08,median_08,min_08,max_08,sum_08,perc_nodata_08,mean_09,median_09,min_09,max_09,sum_09,perc_nodata_09,mean_10,median_10,min_10,max_10,sum_10,perc_nodata_10,mean_11,median_11,min_11,max_11,sum_11,perc_nodata_11,mean_12,median_12,min_12,max_12,sum_12,perc_nodata_12
ZAF.1.1_1,1.0,19.338712692260746,19.226926803588867,17.308343887329098,22.276968002319336,1643.7906494140625,0.0,19.007619857788086,18.721923828125,15.954217910766602,23.11738586425781,1615.647705078125,0.0,18.664329528808594,18.483440399169922,15.621431350708008,22.91652488708496,1586.468017578125,0.0,14.925349235534668,14.68691635131836,11.16250705718994,20.28248786926269,1268.6546630859375,0.0,13.623845100402832,13.434253692626953,9.591009140014648,19.38926315307617,1158.02685546875,0.0,10.631597518920898,10.56601333618164,6.119716167449951,17.62904167175293,903.685791015625,0.0,11.01356029510498,11.171196937561037,5.850228786468506,17.76567268371582,936.152587890625,0.0,12.958765983581545,12.807221412658693,9.360443115234377,17.695960998535156,1101.4951171875,0.0,14.85039520263672,14.702938079833984,11.888017654418945,18.241500854492188,1262.2835693359375,0.0,17.01688575744629,17.0679931640625,14.652504920959473,19.460756301879886,1446.435302734375,0.0,18.16144371032715,18.097187042236328,16.600715637207028,20.555383682250977,1543.72265625,0.0,18.120319366455078,18.07465171813965,15.708064079284668,20.86623764038086,1540.2271728515625,0.0
ZAF.1.2_1,2.0,20.9786434173584,21.16481590270996,18.12558364868164,22.966405868530273,3608.32666015625,0.0,20.736888885498047,20.813331604003906,17.65998649597168,22.92952537536621,3566.744873046875,0.0,20.191097259521484,20.24473571777344,17.128921508789062,22.59771156311035,3472.86865234375,0.0,17.043352127075195,17.05715560913086,13.333910942077635,20.09544563293457,2931.45654296875,0.0,16.053398132324222,16.037479400634766,12.898563385009766,19.226783752441406,2761.1845703125,0.0,13.96182346343994,13.883073806762695,9.73880672454834,17.89403533935547,2401.43359375,0.0,14.720499038696287,14.812673568725586,9.695455551147461,18.58682632446289,2531.92578125,0.0,14.18648624420166,14.25815200805664,10.23740005493164,17.402009963989258,2440.07568359375,0.0,16.572566986083984,16.681280136108402,13.768067359924315,18.36024284362793,2850.4814453125,0.0,17.225982666015625,17.380104064941403,14.27597427368164,19.063112258911133,2962.868896484375,0.0,18.9952392578125,19.08135986328125,16.622108459472653,20.70661163330078,3267.18115234375,0.0,19.511568069458008,19.578838348388672,17.125665664672848,21.621431350708008,3355.98974609375,0.0
ZAF.1.3_1,3.0,21.712547302246094,22.001829147338867,20.223628997802734,22.264102935791016,412.53839111328125,9.523809523809524,21.555810928344727,21.85138702392578,19.959577560424805,22.43524742126465,409.5604248046875,9.523809523809524,21.085020065307614,21.36631202697754,19.480144500732425,21.967761993408203,400.6153869628906,9.523809523809524,18.308425903320312,18.61261367797852,16.27896499633789,19.698974609375,347.8600769042969,9.523809523809524,17.138254165649414,17.247066497802734,15.396703720092773,18.650020599365234,325.6268310546875,9.523809523809524,15.40695858001709,15.544778823852539,13.324825286865234,17.244232177734375,292.7322082519531,9.523809523809524,16.119075775146484,16.24870491027832,14.24878978729248,17.552261352539062,306.262451171875,9.523809523809524,15.309462547302244,15.47480297088623,13.49216365814209,16.755382537841793,290.8797912597656,9.523809523809524,17.498252868652347,17.79621696472168,15.994583129882812,18.40328788757324,332.466796875,9.523809523809524,17.85066795349121,18.16175651550293,16.34272575378418,18.66706085205078,339.1626892089844,9.523809523809524,19.468122482299805,19.742013931274414,18.02652931213379,20.1771183013916,369.8943176269531,9.523809523809524,20.22991943359375,20.39010429382324,18.83125305175781,20.9161376953125,384.36846923828125,9.523809523809524
ZAF.1.4_1,4.0,21.69007682800293,21.82986259460449,18.733322143554688,23.95272445678711,9999.125,0.646551724137931,21.873411178588867,21.955888748168945,19.26587104797364,24.163997650146484,10083.642578125,0.646551724137931,20.746877670288086,20.86599922180176,18.354700088500977,22.77626800537109,9564.310546875,0.646551724137931,17.473129272460938,17.669294357299805,14.020990371704102,19.44804573059082,8055.1123046875,0.646551724137931,15.955480575561525,16.086931228637695,13.047085762023926,18.164649963378906,7355.4765625,0.646551724137931,13.241226196289062,13.289446830749512,8.451562881469728,16.820777893066403,6104.205078125,0.646551724137931,13.51609706878662,13.633275985717773,8.447142601013184,16.933792114257812,6230.9208984375,0.646551724137931,13.253795623779295,13.33772087097168,9.607881546020508,16.210746765136722,6110.0,0.646551724137931,17.079498291015625,17.226804733276367,13.92812728881836,18.904518127441406,7873.6484375,0.646551724137931,17.382905960083008,17.51100730895996,14.664193153381348,19.50356101989746,8013.52001953125,0.646551724137931,19.537317276000977,19.68678092956543,16.524538040161133,21.717559814453125,9006.703125,0.646551724137931,20.64669418334961,20.67551612854004,17.88889503479004,22.88166236877441,9518.1259765625,0.646551724137931
ZAF.1.5_1,5.0,20.87820625305176,20.76241874694824,17.10398292541504,23.688873291015625,5950.28857421875,0.0,19.78435516357422,19.73478889465332,16.528913497924805,22.225032806396484,5638.541015625,0.0,18.975055694580078,18.95918846130371,16.112241744995114,21.00838661193848,5407.890625,0.0,14.968218803405762,15.09241771697998,11.974562644958494,17.04380226135254,4265.9423828125,0.0,14.110804557800293,14.18903636932373,10.985227584838867,16.215620040893555,4021.579345703125,0.0,10.470802307128906,10.517483711242676,7.582103729248048,13.322152137756348,2984.1787109375,0.0,10.716618537902832,10.72006607055664,7.365747928619385,14.302549362182615,3054.236328125,0.0,11.914706230163574,11.974899291992188,9.512114524841307,14.378091812133787,3395.69140625,0.0,15.398977279663086,15.471768379211426,12.497370719909668,17.307428359985348,4388.70849609375,0.0,16.977550506591793,17.039207458496097,14.155400276184082,18.827693939208984,4838.60205078125,0.0,19.318653106689453,19.29926300048828,16.36418342590332,21.835866928100586,5505.81640625,0.0,19.46017837524414,19.32804679870605,16.246938705444336,22.124406814575195,5546.15087890625,0.0
ZAF.1.6_1,6.0,20.46859741210937,20.667705535888672,15.36453342437744,24.84064865112305,4175.59375,0.0,18.502561569213867,18.37885284423828,14.536648750305176,22.028438568115234,3774.5224609375,0.0,18.266332626342773,18.246334075927734,14.277575492858887,21.541749954223643,3726.33203125,0.0,13.326398849487305,13.334291458129885,9.83655071258545,16.415260314941403,2718.58544921875,0.0,12.238253593444824,12.318679809570312,8.588878631591799,15.372514724731445,2496.603759765625,0.0,8.378665924072267,8.457387924194336,5.366760730743408,11.0640230178833,1709.247802734375,0.0,8.199150085449219,8.379770278930664,4.814899444580078,11.078850746154783,1672.626708984375,0.0,10.98853874206543,11.089414596557617,7.678060054779053,13.14808464050293,2241.661865234375,0.0,14.366198539733887,14.441995620727539,10.269084930419922,17.03744888305664,2930.70458984375,0.0,16.723405838012695,16.754409790039062,12.596736907958984,19.93731689453125,3411.57470703125,0.0,19.2939453125,19.458398818969727,14.720358848571776,23.15284538269043,3935.96484375,0.0,18.68095588684082,18.65981101989746,14.145000457763672,22.49073600769043,3810.9150390625,0.0
ZAF.1.7_1,7.0,21.63863754272461,21.54865264892578,20.948688507080078,22.43006134033203,302.94091796875,6.666666666666668,21.836849212646484,21.88313865661621,21.14361953735352,22.691072463989247,305.71588134765625,6.666666666666668,21.064212799072266,21.049823760986328,20.558990478515625,21.54624557495117,294.89898681640625,6.666666666666668,18.617807388305664,18.648696899414066,18.002973556518555,19.03004646301269,260.6492919921875,6.666666666666668,16.963518142700195,16.996719360351562,16.245933532714847,17.55567741394043,237.4892578125,6.666666666666668,15.53364086151123,15.595523834228516,14.55285930633545,16.276512145996097,217.47097778320312,6.666666666666668,15.481040000915527,15.565788269042967,14.697632789611815,16.121139526367188,216.73455810546875,6.666666666666668,15.026301383972168,15.08796501159668,14.159414291381836,15.79472541809082,210.36822509765625,6.666666666666668,17.609983444213867,17.67849349975586,17.075813293457028,17.996736526489258,246.53976440429688,6.666666666666668,17.584783554077152,17.59023666381836,17.023509979248047,18.077829360961914,246.1869659423828,6.666666666666668,19.40252494812012,19.400863647460934,18.7486629486084,20.022510528564453,271.63534545898443,6.666666666666668,20.436384201049805,20.38195037841797,19.76439476013184,21.23367500305176,286.109375,6.666666666666668
ZAF.1.8_1,8.0,20.296701431274414,20.264389038085934,18.216455459594727,22.151233673095703,1907.8900146484373,3.09278350515464,20.56810760498047,20.541736602783203,18.190597534179688,22.90730285644531,1933.402099609375,3.09278350515464,20.233970642089844,20.20600128173828,17.757186889648438,22.673858642578125,1901.9932861328125,3.09278350515464,16.945928573608402,16.820602416992188,13.981820106506348,20.01803970336914,1592.917236328125,3.09278350515464,15.896894454956055,15.724929809570312,12.595666885375975,19.18350601196289,1494.30810546875,3.09278350515464,13.61691188812256,13.538232803344727,9.504837989807127,17.620359420776367,1279.98974609375,3.09278350515464,14.375821113586426,14.396238327026367,9.678926467895508,18.25117492675781,1351.3271484375,3.09278350515464,14.559832572937012,14.467445373535154,11.49752140045166,17.374971389770508,1368.624267578125,3.09278350515464,16.217998504638672,16.165863037109375,14.031744956970215,18.17164421081543,1524.491943359375,3.09278350515464,17.72195816040039,17.710115432739258,16.101606369018555,19.212297439575195,1665.864013671875,3.09278350515464,18.516143798828125,18.45358657836914,16.976665496826172,20.345050811767575,1740.5174560546875,3.09278350515464,18.637758255004886,18.570167541503906,17.043148040771484,20.549362182617188,1751.94921875,3.09278350515464
ZAF.2.1_1,9.0,23.220706939697266,23.238636016845703,20.721086502075195,25.72519874572754,3784.97509765625,0.0,21.34436798095703,21.376087188720703,19.354835510253906,23.18492317199707,3479.132080078125,0.0,21.96242332458496,21.923492431640625,19.88657760620117,23.63004875183105,3579.875,0.0,16.239078521728516,16.26785659790039,14.762331008911133,17.630535125732422,2646.9697265625,0.0,14.284439086914062,14.285229682922365,13.034595489501953,15.397547721862793,2328.363525390625,0.0,10.609206199645996,10.657163619995117,9.454227447509766,11.868659973144533,1729.3006591796875,0.0,10.508452415466307,10.547246932983398,9.499594688415527,11.40233325958252,1712.877685546875,0.0,15.698772430419922,15.723057746887207,14.178374290466307,16.8316650390625,2558.89990234375,0.0,17.550928115844727,17.56770133972168,16.226850509643555,18.841529846191406,2860.80126953125,0.0,21.53143310546875,21.496145248413086,19.886552810668945,23.210153579711914,3509.62353515625,0.0,22.56154823303223,22.59797096252441,20.907323837280273,24.066591262817386,3677.5322265625,0.0,20.45302391052246,20.479345321655273,18.956939697265625,21.856332778930664,3333.8427734375,0.0
ZAF.2.2_1,10.0,26.2957820892334,26.32792854309082,23.839757919311523,28.09941482543945,6495.05810546875,0.0,23.421152114868164,23.49636268615723,21.660011291503906,25.13798904418945,5785.0244140625,0.0,23.36158561706543,23.498483657836914,21.67373275756836,24.54384422302246,5770.3115234375,0.0,17.065658569335938,17.129890441894528,15.798405647277832,18.298603057861328,4215.2177734375,0.0,14.483687400817873,14.325582504272461,13.452595710754395,16.03863525390625,3577.470703125,0.0,10.901753425598145,10.80660343170166,9.724273681640623,12.282636642456055,2692.733154296875,0.0,10.632390975952148,10.53148078918457,9.412919998168944,11.948959350585938,2626.20068359375,0.0,15.06838321685791,15.101951599121096,13.759902000427244,16.40934181213379,3721.890625,0.0,18.11907768249512,18.10997200012207,17.055599212646484,19.262746810913086,4475.412109375,0.0,22.029203414916992,22.10213661193848,20.69745445251465,23.221853256225586,5441.21337890625,0.0,24.34651184082031,24.15279197692871,22.77007484436035,25.95864486694336,6013.58837890625,0.0,22.58437538146973,22.479393005371094,20.54973030090332,24.32630729675293,5578.3408203125,0.0
ZAF.2.3_1,11.0,25.546741485595703,25.636125564575195,23.711801528930664,27.00774383544922,1302.8837890625,0.0,22.397838592529297,22.342851638793945,20.810022354125977,23.93275451660156,1142.289794921875,0.0,22.46714210510254,22.472877502441406,21.138641357421875,23.63290405273437,1145.82421875,0.0,16.10702896118164,16.070350646972653,14.991671562194824,17.095203399658207,821.4584350585938,0.0,13.96118450164795,13.980542182922365,13.124191284179688,14.616543769836426,712.0203857421875,0.0,10.136938095092773,10.113113403320312,9.383724212646484,10.8719482421875,516.9838256835939,0.0,9.889808654785156,9.871914863586426,9.04845142364502,10.597248077392578,504.3802490234375,0.0,13.905959129333494,13.855326652526855,13.023037910461426,14.655890464782715,709.2039184570312,0.0,17.386775970458984,17.35593605041504,16.468498229980472,18.11836814880371,886.7255859375,0.0,20.8487548828125,20.77164649963379,19.77972984313965,21.839357376098643,1063.2864990234377,0.0,23.72399711608887,23.7817440032959,22.415437698364254,24.72297477722168,1209.923828125,0.0,22.17446517944336,22.209693908691406,20.90509414672852,23.29619598388672,1130.897705078125,0.0
ZAF.2.4_1,12.0,21.31304168701172,21.229122161865234,15.38377857208252,25.030405044555664,5690.58203125,0.0,19.57215881347656,19.53203773498535,14.648870468139648,22.457733154296875,5225.7666015625,0.0,19.6232852935791,19.61892318725586,14.198148727416992,22.412599563598643,5239.4169921875,0.0,14.592299461364744,14.643627166748047,10.18917179107666,16.47306251525879,3896.14404296875,0.0,12.814230918884276,13.030373573303224,8.236542701721191,14.538710594177244,3421.399658203125,0.0,9.109784126281738,9.2827730178833,5.05309534072876,11.075879096984863,2432.312255859375,0.0,9.329567909240724,9.54612636566162,5.280317783355713,11.970724105834961,2490.99462890625,0.0,13.503412246704102,13.738112449645994,8.555949211120605,15.673195838928224,3605.4111328125,0.0,15.70395565032959,15.777729988098145,10.5288667678833,17.540813446044922,4192.9560546875,0.0,19.150691986083984,19.317228317260746,13.398802757263185,21.36711883544922,5113.23486328125,0.0,20.705490112304688,20.76372718811035,14.930594444274902,23.413028717041016,5528.36572265625,0.0,18.901567459106445,18.762645721435547,14.058331489562988,21.767858505249023,5046.71826171875,0.0
ZAF.2.5_1,13.0,25.29497528076172,25.001230239868164,22.12544059753418,28.330141067504893,7588.49267578125,0.0,22.23489761352539,22.121822357177734,18.950021743774414,25.320301055908203,6670.46923828125,0.0,21.98341560363769,21.854522705078125,19.37950897216797,24.42407035827637,6595.0244140625,0.0,15.97338581085205,15.861686706542967,13.33902359008789,18.728666305541992,4792.015625,0.0,14.471787452697756,14.441831588745115,11.472241401672365,17.293861389160153,4341.5361328125,0.0,10.257244110107422,10.187437057495117,7.772219657897949,12.163056373596193,3077.17333984375,0.0,10.08480167388916,10.047945976257324,7.453554153442383,11.922842979431152,3025.4404296875,0.0,13.4506254196167,13.367530822753904,11.247265815734863,15.097683906555176,4035.1875,0.0,17.187141418457028,17.035179138183597,14.838756561279295,19.241336822509766,5156.142578125,0.0,20.320444107055664,20.110218048095703,18.15546226501465,22.521080017089844,6096.13330078125,0.0,23.53767967224121,23.27823638916016,21.25335502624512,25.89767646789551,7061.3037109375,0.0,22.346416473388672,22.298152923583984,19.791444778442386,24.994842529296875,6703.9248046875,0.0
ZAF.3.1_1,14.0,21.084577560424805,21.05584716796875,20.660579681396484,21.95061492919922,253.01492309570312,0.0,20.07765769958496,19.97161102294922,19.53132438659668,21.1846923828125,240.9319000244141,0.0,20.877925872802734,20.610279083251953,20.196916580200195,22.162641525268555,250.5351104736328,0.0,16.198175430297848,16.041898727416992,15.71668529510498,17.249042510986328,194.37811279296875,0.0,14.830803871154785,14.660364151000975,14.417479515075685,15.791178703308105,177.9696502685547,0.0,11.389246940612793,11.12757396697998,11.019587516784668,12.306260108947756,136.67095947265622,0.0,11.382363319396973,11.20443630218506,10.906171798706056,12.180373191833494,136.58836364746094,0.0,16.08591651916504,16.023429870605472,15.64474391937256,17.06649398803711,193.03099060058602,0.0,17.731969833374023,17.527286529541016,17.324705123901367,18.733692169189453,212.7836456298828,0.0,21.37348175048828,21.30775451660156,20.92570686340332,22.408327102661133,256.48178100585943,0.0,21.256696701049805,21.147933959960934,20.783445358276367,22.268251419067386,255.08035278320312,0.0,19.68563842773437,19.645767211914066,19.307180404663086,20.516366958618164,236.2276611328125,0.0
ZAF.3.2_1,15.0,22.69813537597656,22.458566665649414,20.939672470092773,25.00506401062012,1112.2086181640623,0.0,22.397136688232425,22.04049301147461,20.17507743835449,25.079835891723643,1097.459716796875,0.0,23.12114143371582,22.95388221740723,20.70391082763672,25.631031036376953,1132.9359130859375,0.0,18.17705535888672,17.917448043823242,16.380416870117188,20.674489974975586,890.6757202148438,0.0,16.772062301635742,16.572511672973633,15.11789321899414,18.863449096679688,821.8310546875,0.0,13.011347770690918,12.848112106323242,11.51240062713623,14.875943183898926,637.5560302734375,0.0,13.026546478271484,12.931873321533205,11.70718765258789,14.92188835144043,638.30078125,0.0,17.76401138305664,17.634878158569336,16.24380111694336,19.498863220214844,870.4365844726562,0.0,19.35094451904297,19.233375549316406,17.7114315032959,21.202415466308594,948.1962890625,0.0,23.083683013916016,22.97072792053223,21.217403411865234,25.0130558013916,1131.1004638671875,0.0,22.95932006835937,22.716047286987305,21.296070098876953,24.99326515197754,1125.0067138671877,0.0,21.276365280151367,20.99811553955078,19.50412940979004,23.52369880676269,1042.5418701171877,0.0
ZAF.3.3_1,16.0,20.678878784179688,20.673967361450195,20.06897735595703,21.28848648071289,599.6875,0.0,19.702762603759766,19.678020477294922,19.154441833496094,20.51461601257324,571.380126953125,0.0,20.39645767211914,20.35643768310547,19.773956298828125,21.46839141845703,591.4972534179688,0.0,15.896493911743164,15.85653305053711,15.502253532409668,16.641731262207028,460.9983215332031,0.0,14.579870223999025,14.532477378845215,14.277609825134276,15.327054977416992,422.81622314453125,0.0,11.107355117797852,11.12161350250244,10.690367698669434,11.828216552734375,322.1133117675781,0.0,11.167997360229492,11.200450897216797,10.803702354431152,11.847874641418455,323.8719177246094,0.0,15.95781707763672,15.9517240524292,15.639718055725098,16.507976531982422,462.7767028808594,0.0,17.463262557983402,17.445850372314453,17.054475784301758,18.08496856689453,506.4346008300781,0.0,21.01785659790039,20.992084503173828,20.676055908203125,21.71278190612793,609.517822265625,0.0,21.04451560974121,21.002145767211914,20.684240341186523,21.63726806640625,610.2909545898438,0.0,19.333393096923828,19.33658218383789,18.81602668762207,19.85519027709961,560.6683959960939,0.0
ZAF.3.4_1,17.0,21.63145446777344,21.58271026611328,20.994611740112305,22.402746200561523,497.5234680175781,0.0,20.388656616210934,20.34461784362793,19.802032470703125,20.985902786254886,468.9390869140625,0.0,20.984634399414066,20.932737350463867,20.384552001953125,21.647226333618164,482.6465759277344,0.0,16.368492126464847,16.382076263427734,15.96718692779541,16.628490447998047,376.4753112792969,0.0,14.872413635253904,14.869223594665527,14.631122589111328,15.08273983001709,342.0655212402344,0.0,11.270898818969727,11.260018348693848,11.095986366271973,11.628634452819824,259.23068237304693,0.0,11.059898376464844,11.051705360412598,10.891647338867188,11.32094955444336,254.37767028808602,0.0,16.256366729736328,16.222017288208008,15.883288383483887,16.518564224243164,373.8964538574219,0.0,17.723176956176758,17.726003646850586,17.437721252441403,17.92292022705078,407.6330871582031,0.0,21.543493270874023,21.50013732910156,21.192649841308594,21.980751037597656,495.5003662109375,0.0,21.6031494140625,21.616674423217773,21.063671112060547,21.962371826171875,496.8724365234375,0.0,20.04282760620117,20.03402328491211,19.592395782470703,20.45893859863281,460.9850158691406,0.0
ZAF.3.5_1,18.0,21.737178802490234,21.701988220214844,20.75591278076172,22.99614524841309,652.1153564453125,0.0,20.547473907470703,20.498645782470703,19.69020652770996,21.81361389160156,616.4241943359375,0.0,21.51603889465332,21.553565979003906,20.509916305541992,22.86774063110352,645.4811401367188,0.0,16.444206237792972,16.372079849243164,15.81905746459961,17.693675994873047,493.326171875,0.0,15.068252563476562,15.025222778320312,14.50590991973877,16.146913528442386,452.0475769042969,0.0,11.508000373840332,11.367919921875,11.084479331970217,12.63662338256836,345.2400207519531,0.0,11.42318630218506,11.260746002197266,10.864563941955566,12.485713958740234,342.6955871582031,0.0,16.382705688476562,16.3486328125,15.64606761932373,17.538543701171875,491.4811706542969,0.0,18.040416717529297,18.000499725341797,17.43101692199707,19.234304428100586,541.2125244140625,0.0,21.92353630065918,21.93047332763672,21.053998947143555,23.099876403808594,657.7061157226562,0.0,21.62109375,21.571001052856445,20.82487678527832,22.80961799621582,648.6328125,0.0,20.079435348510746,20.057743072509766,19.35255241394043,21.07943725585937,602.383056640625,0.0
ZAF.4.1_1,19.0,20.14192771911621,20.43617248535156,18.055707931518555,21.60005187988281,1087.6640625,0.0,19.62018585205078,19.881492614746094,17.619529724121094,20.96437644958496,1059.489990234375,0.0,19.677141189575195,19.86989974975586,17.588199615478516,21.199501037597656,1062.565673828125,0.0,16.253700256347653,16.439228057861328,14.18227481842041,17.803874969482422,877.6998291015625,0.0,14.755558967590332,14.985633850097654,12.512669563293455,16.570310592651367,796.8001708984375,0.0,11.07504653930664,11.36839485168457,9.250452041625977,12.540582656860352,598.052490234375,0.0,12.08189582824707,12.274568557739258,10.201542854309082,13.499632835388185,652.42236328125,0.0,15.42051601409912,15.617332458496096,13.596181869506836,16.782119750976562,832.7078857421875,0.0,16.18577766418457,16.452634811401367,14.302593231201172,17.48777198791504,874.031982421875,0.0,19.20431327819824,19.42096710205078,17.087385177612305,20.69202995300293,1037.032958984375,0.0,20.21434211730957,20.506366729736328,18.207550048828125,21.69017219543457,1091.574462890625,0.0,19.093366622924805,19.3171443939209,17.141250610351562,20.509828567504886,1031.041748046875,0.0
ZAF.4.2_1,20.0,22.152324676513672,22.185014724731445,21.002769470214844,23.157094955444336,310.1325378417969,12.5,22.92131042480469,22.9772891998291,21.599327087402344,24.01385307312012,320.8983459472656,12.5,22.71548271179199,22.75943756103516,21.47381401062012,23.782012939453125,318.0167541503906,12.5,20.01266288757324,20.02049827575684,18.562997817993164,21.42817497253418,280.17727661132807,12.5,18.72039222717285,18.67620849609375,17.32192039489746,20.241437911987305,262.08547973632807,12.5,16.03727149963379,15.943477630615234,14.339777946472168,17.962791442871094,224.52178955078125,12.5,16.418285369873047,16.36589241027832,15.06135082244873,17.906675338745114,229.8560028076172,12.5,17.267778396606445,17.2589111328125,16.113824844360348,18.469247817993164,241.7489013671875,12.5,17.644189834594727,17.583988189697266,16.737150192260742,18.741294860839844,247.01866149902344,12.5,19.80946350097656,19.78160285949707,19.22528648376465,20.280397415161133,277.33248901367193,12.5,20.461605072021484,20.499454498291016,19.3808650970459,21.485647201538086,286.46246337890625,12.5,20.70291519165039,20.755285263061523,19.4245662689209,21.841266632080078,289.8408203125,12.5
ZAF.4.3_1,21.0,22.486955642700195,22.535966873168945,20.834197998046875,24.09129524230957,562.1738891601561,0.0,23.079273223876953,23.09193420410156,21.387584686279297,24.66441535949707,576.9818115234375,0.0,22.9875602722168,22.98494911193848,21.279071807861328,24.649415969848643,574.6890258789062,0.0,20.36951446533203,20.245086669921875,18.45245933532715,22.262182235717773,509.2378540039063,0.0,19.184965133666992,19.09042739868164,17.30656623840332,21.05714988708496,479.6241149902344,0.0,16.422969818115234,16.318376541137695,14.352132797241213,18.649242401123047,410.5742492675781,0.0,16.879831314086914,16.957721710205078,14.920169830322266,18.711816787719727,421.9957885742188,0.0,17.843847274780273,17.858415603637695,16.065681457519528,19.58498191833496,446.0961608886719,0.0,18.142257690429688,18.10471534729004,16.480966567993164,19.94359016418457,453.55645751953125,0.0,20.171817779541016,20.245641708374023,18.82818603515625,21.536821365356445,504.2954406738281,0.0,20.95493698120117,20.981609344482425,19.45869445800781,22.32779884338379,523.8734130859375,0.0,21.21091079711914,21.24545669555664,19.57920837402344,22.70349311828613,530.2727661132811,0.0
ZAF.4.4_1,22.0,18.416391372680664,18.572223663330078,16.033145904541016,20.611623764038086,1510.1441650390625,0.0,18.33984565734864,18.324047088623047,15.089717864990234,21.3536434173584,1503.8673095703125,0.0,18.1065731048584,18.01610565185547,14.990299224853516,20.98423767089844,1484.739013671875,0.0,14.66212272644043,14.58653450012207,10.736915588378906,18.08835792541504,1202.2940673828125,0.0,13.291252136230467,13.162349700927734,9.011625289916992,16.723823547363278,1089.8826904296877,0.0,9.866764068603516,9.729917526245117,5.571060180664063,13.794240951538086,809.0746459960938,0.0,10.520407676696776,10.396809577941896,5.628620147705078,14.77712345123291,862.6734008789062,0.0,12.46891975402832,12.404817581176758,9.107287406921387,15.58131217956543,1022.451416015625,0.0,14.178054809570312,14.352615356445312,11.127591133117676,16.549816131591793,1162.6004638671875,0.0,16.52615737915039,16.63857078552246,13.710892677307127,19.006202697753906,1355.1448974609375,0.0,17.227764129638672,17.279661178588867,15.379876136779785,19.031299591064453,1412.6766357421875,0.0,17.355220794677734,17.493854522705078,14.838581085205078,19.081037521362305,1423.1280517578125,0.0
ZAF.4.5_1,23.0,21.132055282592773,21.397457122802734,17.79135513305664,22.844593048095703,845.2822265625,2.4390243902439024,21.842174530029297,22.16763687133789,17.941410064697266,23.66359138488769,873.68701171875,2.4390243902439024,21.48965072631836,21.762733459472656,17.713048934936523,23.418426513671875,859.5860595703125,2.4390243902439024,18.658336639404297,18.90643310546875,14.420624732971193,21.01106071472168,746.33349609375,2.4390243902439024,17.476276397705078,17.609601974487305,13.146391868591307,19.884632110595703,699.051025390625,2.4390243902439024,15.118270874023438,15.24480438232422,10.203004837036133,17.774288177490234,604.7308349609375,2.4390243902439024,15.593792915344238,15.80695915222168,10.685564041137695,17.91563606262207,623.751708984375,2.4390243902439024,16.077383041381836,16.296239852905273,11.96876621246338,18.243484497070312,643.0953369140625,2.4390243902439024,16.878116607666016,17.049171447753903,13.604883193969727,18.521690368652344,675.1246337890625,2.4390243902439024,18.834110260009766,19.154682159423828,15.758769989013672,20.080371856689453,753.3643798828125,2.4390243902439024,19.53424644470215,19.768770217895508,16.560846328735348,21.140687942504886,781.369873046875,2.4390243902439024,19.76113510131836,20.013954162597656,16.76792335510254,21.466068267822266,790.4454345703125,2.4390243902439024
ZAF.4.6_1,24.0,19.367355346679688,19.580156326293945,15.07751178741455,21.71836280822754,1471.9190673828125,0.0,19.473064422607425,19.584110260009766,14.617803573608398,22.54342269897461,1479.952880859375,0.0,19.364437103271484,19.679973602294922,14.342520713806152,22.24007797241211,1471.697265625,0.0,16.26534080505371,16.607673645019528,10.568371772766113,19.522823333740234,1236.1658935546875,0.0,15.068678855895994,15.669824600219727,8.697509765625,18.27728271484375,1145.2196044921875,0.0,11.697787284851074,12.023904800415039,5.274393081665039,15.812533378601074,889.0318603515625,0.0,12.381285667419435,12.798032760620115,5.397407531738281,16.364259719848633,940.9777221679688,0.0,14.063246726989744,14.385310173034668,8.741109848022461,16.90901756286621,1068.8067626953123,0.0,15.395753860473633,15.72174835205078,10.564935684204102,17.328981399536133,1170.0772705078125,0.0,17.60802459716797,18.022384643554688,12.81508731842041,19.47579574584961,1338.2098388671875,0.0,18.174776077270508,18.28135681152344,14.570229530334473,20.00919342041016,1381.282958984375,0.0,18.280725479125977,18.449819564819336,14.3075532913208,20.316650390625,1389.335205078125,0.0
ZAF.4.7_1,25.0,24.83554077148437,24.99868011474609,23.13076400756836,25.708660125732425,2384.2119140625,5.882352941176469,25.21786689758301,25.31159782409668,23.96681022644043,25.80754089355469,2420.915283203125,5.882352941176469,24.793228149414066,24.887264251708984,23.542705535888672,25.37136268615723,2380.14990234375,5.882352941176469,22.618207931518555,22.813676834106445,20.930908203125,23.60767364501953,2171.347900390625,5.882352941176469,21.22756004333496,21.260299682617188,19.892202377319336,22.319414138793945,2037.845703125,5.882352941176469,19.11802864074707,19.164201736450195,17.420000076293945,20.7509765625,1835.330810546875,5.882352941176469,19.38739585876465,19.52393341064453,17.977489471435547,20.710737228393555,1861.18994140625,5.882352941176469,20.42721366882324,20.5341796875,19.061901092529297,21.28502655029297,1961.012451171875,5.882352941176469,20.5804386138916,20.66375732421875,19.474477767944336,21.222383499145508,1975.72216796875,5.882352941176469,22.32407569885254,22.42440414428711,21.1193904876709,23.043212890625,2143.111328125,5.882352941176469,23.67363739013672,23.843639373779297,22.171875,24.60736083984375,2272.669189453125,5.882352941176469,23.900304794311523,24.088287353515625,22.266239166259766,24.7774600982666,2294.42919921875,5.882352941176469
ZAF.4.8_1,26.0,21.206031799316406,21.08546638488769,19.542463302612305,22.968036651611328,1463.2161865234375,0.0,20.76663398742676,20.66075134277344,19.292682647705078,22.49492645263672,1432.897705078125,0.0,20.908212661743164,20.747041702270508,19.500865936279297,22.59038543701172,1442.6666259765625,0.0,17.889558792114258,17.715543746948242,16.395280838012695,19.684803009033203,1234.3795166015625,0.0,16.578901290893555,16.372961044311527,15.369330406188965,18.439929962158203,1143.9442138671875,0.0,12.90534210205078,12.737568855285645,11.595071792602539,14.901382446289062,890.4686279296875,0.0,13.701273918151855,13.569744110107422,12.290532112121582,15.604059219360352,945.3878784179688,0.0,16.021108627319336,16.163768768310547,14.23867130279541,17.214736938476562,1105.45654296875,0.0,17.073022842407227,16.980676651000973,15.59113883972168,18.61374282836914,1178.03857421875,0.0,19.505538940429688,19.536128997802734,17.61400604248047,20.99598693847656,1345.8822021484375,0.0,20.239282608032227,20.20284843444824,18.474964141845703,21.809925079345703,1396.510498046875,0.0,20.120445251464844,20.031099319458008,18.681922912597656,21.870868682861328,1388.3106689453125,0.0
ZAF.4.9_1,27.0,20.66286849975586,21.17139434814453,13.801713943481445,23.30834007263184,1859.658203125,0.0,19.816696166992188,20.30583381652832,13.12807846069336,22.215866088867188,1783.502685546875,0.0,19.530397415161133,19.92836570739746,12.68026351928711,22.357162475585934,1757.7357177734375,0.0,16.027080535888672,16.403450012207028,8.852693557739258,19.11793327331543,1442.437255859375,0.0,14.186208724975586,14.64061164855957,6.652647972106934,18.20555686950684,1276.7587890625,0.0,10.36753749847412,10.80254364013672,3.8093700408935534,13.691862106323242,933.078369140625,0.0,11.01474666595459,11.426897048950195,3.7271649837493896,14.539094924926758,991.3272094726562,0.0,14.197322845458984,14.805482864379885,6.8056273460388175,17.240158081054688,1277.759033203125,0.0,15.835050582885742,16.28213882446289,8.789642333984375,18.801986694335934,1425.154541015625,0.0,18.648433685302734,19.248615264892575,11.425108909606935,21.244369506835934,1678.3590087890625,0.0,19.92288589477539,20.46957397460937,13.324130058288574,22.22525405883789,1793.0596923828125,0.0,19.54299545288086,20.064258575439453,12.807062149047852,22.32341766357422,1758.8695068359375,0.0
ZAF.4.10_1,28.0,22.768110275268555,22.92218017578125,20.041616439819336,24.51518249511719,1434.3909912109375,1.5625,23.07229042053223,23.371131896972656,19.889310836791992,24.987043380737305,1453.5543212890625,1.5625,23.10828971862793,23.418901443481445,20.06157112121582,24.978206634521484,1455.822265625,1.5625,20.35177230834961,20.56650161743164,17.061334609985348,22.83575439453125,1282.16162109375,1.5625,19.170045852661133,19.50442314147949,15.437910079956055,21.74947929382324,1207.712890625,1.5625,16.50385856628418,16.549585342407227,12.289263725280762,20.06873321533203,1039.7430419921877,1.5625,16.998991012573242,17.163328170776367,12.827982902526855,20.11207771301269,1070.9364013671877,1.5625,18.153976440429688,18.30145835876465,15.071371078491213,20.415409088134766,1143.7005615234375,1.5625,18.677953720092773,18.599023818969727,16.046794891357422,20.485918045043945,1176.7110595703125,1.5625,20.626708984375,20.7917423248291,18.42799186706543,22.1351318359375,1299.482666015625,1.5625,21.34986114501953,21.37275695800781,19.265995025634766,22.95092010498047,1345.041259765625,1.5625,21.45965003967285,21.473588943481445,18.963523864746094,23.323198318481445,1351.9580078125,1.5625
ZAF.4.11_1,29.0,21.45967102050781,21.12803840637207,19.028350830078125,24.625213623046875,2510.781494140625,0.0,21.860050201416016,21.6226749420166,18.84434509277344,25.09909820556641,2557.6259765625,0.0,21.649215698242188,21.376483917236328,18.60855865478516,24.711849212646484,2532.958251953125,0.0,18.9835147857666,18.81442642211914,15.728527069091795,22.330076217651367,2221.0712890625,0.0,17.340625762939453,16.998258590698242,13.60953140258789,20.887880325317386,2028.853271484375,0.0,14.242003440856935,13.897788047790527,10.096047401428224,18.15353012084961,1666.314453125,0.0,15.27019214630127,15.100397109985352,11.68366527557373,18.24790954589844,1786.6124267578125,0.0,16.984603881835938,16.585124969482422,14.635629653930664,19.913158416748047,1987.1986083984373,0.0,17.515684127807614,17.084365844726562,15.085050582885742,20.35360336303711,2049.3349609375,0.0,19.97900390625,19.69573783874512,17.975900650024414,22.449785232543945,2337.54345703125,0.0,20.8372745513916,20.553142547607425,18.955394744873047,23.54952812194824,2437.961181640625,0.0,20.712854385375977,20.441987991333008,18.13620948791504,23.84303855895996,2423.404052734375,0.0
ZAF.5.1_1,30.0,24.19603538513184,24.27106285095215,20.11244773864746,27.413005828857425,4137.52197265625,0.0,23.618297576904297,23.76809883117676,19.803749084472656,26.116981506347656,4038.72900390625,0.0,23.94598197937012,24.11724281311035,19.587202072143555,27.099050521850586,4094.762939453125,0.0,20.751007080078125,20.801069259643555,16.97678565979004,23.681921005249023,3548.422119140625,0.0,18.234806060791016,18.20771026611328,14.966588973999025,20.543302536010746,3118.15185546875,0.0,15.245393753051758,15.111361503601074,12.27460765838623,17.517881393432614,2606.96240234375,0.0,15.524455070495605,15.354557037353516,13.057766914367676,17.69536590576172,2654.681884765625,0.0,19.004392623901367,18.906906127929688,15.726876258850098,21.36471366882324,3249.7509765625,0.0,20.152584075927734,20.14433479309082,16.59213638305664,22.59557342529297,3446.091796875,0.0,23.94535255432129,24.05770874023437,19.918968200683594,26.706941604614247,4094.6552734375,0.0,24.49895477294922,24.50290298461914,20.346302032470703,27.87800598144531,4189.3212890625,0.0,23.568199157714844,23.564985275268555,19.8658390045166,26.371978759765625,4030.162109375,0.0
ZAF.5.2_1,31.0,25.72409629821777,26.375497817993164,20.51089859008789,27.582704544067386,4090.13134765625,0.0,24.974952697753906,25.243427276611328,20.16635131835937,27.113969802856445,3971.017578125,0.0,24.941909790039066,25.37240982055664,19.8522891998291,27.51261329650879,3965.763671875,0.0,22.398134231567386,22.78200912475586,17.393882751464847,24.79355812072754,3561.30322265625,0.0,20.079811096191406,20.463712692260746,15.576582908630373,22.179128646850586,3192.68994140625,0.0,17.69988441467285,18.01905632019043,12.917938232421875,19.932018280029297,2814.281494140625,0.0,18.29035186767578,18.573339462280273,13.765933990478516,20.5367488861084,2908.166015625,0.0,20.94797706604004,21.30105972290039,16.349676132202152,22.905961990356445,3330.728271484375,0.0,21.317232131958008,21.664817810058594,17.139019012451172,22.92594146728516,3389.43994140625,0.0,24.81052589416504,25.22195625305176,20.29297637939453,26.68740653991699,3944.87353515625,0.0,25.417688369750977,25.96704864501953,20.681400299072266,27.200647354125977,4041.41259765625,0.0,24.61974334716797,25.049882888793945,20.12935447692871,26.33111572265625,3914.5390625,0.0
ZAF.5.3_1,32.0,23.12584686279297,23.13591003417969,19.188343048095703,25.61421203613281,2451.33984375,0.0,22.95624542236328,22.94156646728516,18.8681583404541,25.60201835632324,2433.362060546875,0.0,22.986896514892567,22.983924865722656,18.808874130249023,25.68535423278809,2436.611083984375,0.0,19.60238647460937,19.789508819580078,15.856878280639648,21.839336395263672,2077.85302734375,0.0,17.65871810913086,17.807992935180664,13.898122787475586,19.47180938720703,1871.8240966796875,0.0,14.06816864013672,14.077909469604492,10.79173755645752,16.015193939208984,1491.225830078125,0.0,14.342402458190918,14.372634887695312,11.398059844970705,16.22911262512207,1520.294677734375,0.0,18.166810989379886,18.284374237060547,14.969403266906738,19.900054931640625,1925.681884765625,0.0,19.49814987182617,19.546846389770508,16.304513931274414,21.39444351196289,2066.803955078125,0.0,22.862707138061523,22.78200912475586,19.5109920501709,25.2303524017334,2423.447021484375,0.0,23.25889015197754,23.260822296142567,19.773456573486328,25.539520263671875,2465.4423828125,0.0,22.65090370178223,22.64711761474609,19.10288429260254,25.048053741455078,2400.995849609375,0.0
ZAF.5.4_1,33.0,26.2342529296875,26.939044952392567,22.357112884521484,28.49668884277344,5246.8505859375,0.0,25.1732120513916,25.595199584960927,21.703691482543945,27.829612731933594,5034.642578125,0.0,25.12760925292969,25.78329086303711,21.286924362182614,27.64386749267578,5025.52197265625,0.0,22.55656242370605,23.00151634216309,18.874771118164066,25.44232749938965,4511.3125,0.0,19.899620056152344,20.174789428710934,16.835058212280273,22.374217987060547,3979.923828125,0.0,17.354896545410153,17.509197235107422,14.339012145996096,19.881959915161133,3470.9794921875,0.0,17.902271270751953,17.891538619995114,15.132567405700685,20.46994400024414,3580.4541015625,0.0,20.69235038757324,20.88492584228516,17.76432228088379,23.04192924499512,4138.47021484375,0.0,21.38809967041016,21.76180648803711,18.41550064086914,23.74128723144531,4277.6201171875,0.0,25.20914077758789,25.69633865356445,21.95196533203125,27.544981002807607,5041.828125,0.0,26.127626419067386,26.79288101196289,22.38459587097168,28.48673820495605,5225.525390625,0.0,24.84162521362305,25.36368560791016,21.493989944458008,27.16095542907715,4968.3251953125,0.0
ZAF.5.5_1,34.0,24.723834991455078,24.92784881591797,21.19747734069824,26.98281669616699,8801.685546875,0.0,24.71840476989746,24.86426544189453,21.109844207763672,27.176347732543945,8799.751953125,0.0,25.69994354248047,25.58090209960937,21.97081184387207,28.704570770263672,9149.1796875,0.0,20.973434448242188,21.05370140075684,17.811094284057614,23.05251121520996,7466.54296875,0.0,18.512741088867188,18.76334381103516,15.669143676757812,19.874143600463867,6590.5361328125,0.0,15.07705783843994,15.117341995239258,12.634838104248047,16.749645233154293,5367.4326171875,0.0,15.084847450256348,15.143719673156738,12.717178344726562,16.699329376220707,5370.20556640625,0.0,19.55039405822754,19.62262344360352,17.00192642211914,20.911535263061523,6959.9404296875,0.0,21.109994888305664,21.234798431396484,18.47406578063965,22.54981803894043,7515.158203125,0.0,25.41557693481445,25.342498779296875,22.33392333984375,27.620737075805664,9047.9453125,0.0,25.409467697143555,25.34618759155273,21.903959274291992,27.74523735046387,9045.7705078125,0.0,24.374786376953125,24.43030548095703,21.289146423339844,26.72414207458496,8677.423828125,0.0
ZAF.6.1_1,35.0,23.535734176635746,24.47468185424805,17.847820281982422,26.87717437744141,5130.7900390625,0.0,23.31396102905273,24.18128204345703,17.447612762451172,27.253061294555664,5082.443359375,0.0,23.25016212463379,24.02372741699219,17.371526718139652,27.64498710632324,5068.53515625,0.0,20.98589324951172,22.01052474975586,14.341294288635256,24.907207489013672,4574.9248046875,0.0,18.803083419799805,19.91442108154297,12.280649185180664,22.292461395263672,4099.072265625,0.0,16.192121505737305,17.294370651245114,9.39922332763672,20.06367492675781,3529.88232421875,0.0,16.900140762329098,17.967205047607422,10.136129379272461,20.699506759643555,3684.230712890625,0.0,19.45859718322754,20.46588134765625,13.522296905517578,22.85288429260254,4241.97412109375,0.0,19.57456398010254,20.493427276611328,14.66777801513672,22.698883056640625,4267.2548828125,0.0,22.57761383056641,23.278106689453125,17.844829559326172,26.26050567626953,4921.919921875,0.0,23.31996917724609,24.01815795898437,18.46819496154785,26.6146297454834,5083.75341796875,0.0,22.834217071533203,23.72834396362305,17.688749313354492,26.01898002624512,4977.859375,0.0
ZAF.6.2_1,36.0,19.50876235961914,19.452533721923828,18.04659080505371,21.60044479370117,4896.69921875,0.0,18.88545227050781,18.853139877319336,17.505491256713867,21.14622688293457,4740.24853515625,0.0,19.10799217224121,18.996097564697266,17.491479873657227,21.105262756347656,4796.10595703125,0.0,15.738604545593262,15.61227321624756,14.255187034606935,18.3616943359375,3950.3896484375,0.0,14.075284957885742,14.123522758483887,12.605304718017578,16.128013610839847,3532.896484375,0.0,10.512989044189453,10.379225730895996,9.325075149536133,12.855318069458008,2638.76025390625,0.0,11.321866989135742,10.85341739654541,10.142752647399902,14.453129768371582,2841.78857421875,0.0,15.19772243499756,15.254888534545898,13.714700698852539,16.572681427001953,3814.62841796875,0.0,15.885708808898926,15.74156379699707,14.178121566772461,17.61452865600586,3987.31298828125,0.0,19.275768280029297,19.01569938659668,17.288568496704098,21.378833770751953,4838.2177734375,0.0,19.8555850982666,19.785959243774414,18.24852752685547,21.6329402923584,4983.751953125,0.0,18.45003318786621,18.42062759399414,17.066375732421875,20.313026428222656,4630.95849609375,0.0
ZAF.6.3_1,37.0,20.739858627319336,20.567441940307614,17.371801376342773,25.16882514953613,2799.880859375,0.0,20.20011711120605,19.777912139892575,16.935569763183597,25.2944278717041,2727.015869140625,0.0,20.476858139038086,20.179513931274414,16.738176345825195,25.858068466186523,2764.3759765625,0.0,16.64714241027832,16.163002014160153,13.763005256652832,20.954776763916016,2247.3642578125,0.0,15.084101676940918,14.756190299987793,11.672477722167967,19.17683982849121,2036.353759765625,0.0,11.566856384277346,11.308257102966307,8.751613616943361,15.154718399047852,1561.525634765625,0.0,11.974543571472168,11.633994102478027,9.649856567382812,15.23715114593506,1616.5633544921875,0.0,16.12508773803711,16.014326095581055,12.787553787231445,19.760387420654297,2176.886962890625,0.0,17.380132675170902,17.327163696289062,13.876422882080078,21.404804229736328,2346.31787109375,0.0,20.82746696472168,20.86721992492676,17.331159591674805,25.223743438720703,2811.7080078125,0.0,21.170883178710934,21.09661674499512,17.922531127929688,25.195987701416016,2858.0693359375,0.0,19.64863586425781,19.24447631835937,16.899940490722653,23.899200439453125,2652.56591796875,0.0
ZAF.7.1_1,38.0,24.18981170654297,24.496448516845703,21.45945930480957,25.86845970153809,3531.71240234375,0.0,23.679901123046875,24.00553894042969,20.416500091552734,25.705913543701172,3457.265625,0.0,24.85202407836914,25.13073539733887,21.62141990661621,27.189313888549805,3628.3955078125,0.0,19.24691390991211,19.45579719543457,16.380779266357422,21.44207191467285,2810.04931640625,0.0,17.413007736206055,17.621397018432614,15.138608932495115,19.251205444335934,2542.299072265625,0.0,13.71222686767578,13.876205444335938,11.632518768310547,15.295797348022461,2001.985107421875,0.0,13.665574073791506,13.74195671081543,11.76242733001709,15.385175704956055,1995.173828125,0.0,18.6772518157959,18.97014808654785,16.301706314086914,20.194379806518555,2726.878662109375,0.0,20.544490814208984,20.92486572265625,18.17717933654785,22.04778480529785,2999.49560546875,0.0,25.00348472595215,25.42940330505371,22.01917266845703,26.72531890869141,3650.5087890625,0.0,24.778972625732425,25.122188568115234,21.511690139770508,26.706945419311523,3617.72998046875,0.0,22.84539222717285,23.26630783081055,19.93458366394043,24.73258972167969,3335.42724609375,0.0
ZAF.7.2_1,39.0,24.407672882080078,24.281551361083984,21.754941940307614,26.82998085021973,2953.328369140625,0.0,22.301328659057614,22.205366134643555,20.572559356689453,24.175390243530273,2698.460693359375,0.0,23.07312774658203,23.016530990600586,21.79086303710937,24.46516990661621,2791.848388671875,0.0,17.29302978515625,17.351242065429688,16.433012008666992,18.206687927246094,2092.45654296875,0.0,15.345047950744627,15.346739768981935,14.715795516967773,16.082223892211914,1856.7508544921875,0.0,11.777846336364744,11.78805160522461,11.116008758544922,12.224309921264648,1425.119384765625,0.0,11.380578994750975,11.372514724731445,10.867598533630373,11.802618026733398,1377.050048828125,0.0,16.577522277832028,16.594087600708008,15.721927642822266,16.994007110595707,2005.8802490234373,0.0,18.587968826293945,18.60817527770996,17.969388961791992,19.021900177001953,2249.144287109375,0.0,22.837968826293945,22.88827896118164,22.120946884155273,23.319351196289066,2763.394287109375,0.0,23.428936004638672,23.360469818115234,21.69078254699707,25.09377479553223,2834.9013671875,0.0,21.353111267089844,21.270421981811523,20.128177642822266,22.663028717041016,2583.7265625,0.0
ZAF.7.3_1,40.0,27.908803939819336,27.64064598083496,25.64458274841309,30.37903594970703,9656.4462890625,0.0,25.158727645874023,24.99932861328125,23.014028549194336,27.69868087768555,8704.919921875,0.0,25.79162788391113,25.29901123046875,23.59136390686035,28.86441421508789,8923.9033203125,0.0,19.36565971374512,18.731277465820312,17.37384033203125,22.30891227722168,6700.5185546875,0.0,16.664545059204098,16.083366394042972,15.081217765808105,19.8195858001709,5765.9326171875,0.0,12.97080898284912,12.468671798706055,11.614222526550293,15.083556175231935,4487.89990234375,0.0,12.616475105285645,12.230045318603516,11.28455924987793,14.337347030639648,4365.30029296875,0.0,17.332212448120114,16.842697143554688,15.49820613861084,19.36607360839844,5996.9453125,0.0,19.633413314819336,19.38079071044922,18.353988647460934,21.219772338867188,6793.1611328125,0.0,24.19245147705078,23.882503509521484,22.264873504638672,25.9632625579834,8370.587890625,0.0,26.662738800048828,26.32678985595703,24.09919357299805,28.91471099853516,9225.3076171875,0.0,24.1308708190918,23.95241928100586,21.697484970092773,26.653165817260746,8349.28125,0.0
ZAF.7.4_1,41.0,24.895286560058594,25.013113021850586,22.13397789001465,27.971393585205078,5626.3349609375,0.0,23.320980072021484,23.29576110839844,20.94194793701172,26.010150909423828,5270.54150390625,0.0,24.3426570892334,24.193138122558594,22.216665267944336,27.58420372009277,5501.4404296875,0.0,18.48060607910156,18.142292022705078,16.634143829345707,21.88007354736328,4176.6171875,0.0,16.40372657775879,16.041927337646484,14.914889335632324,18.912038803100586,3707.2421875,0.0,12.735044479370115,12.513240814208984,11.178302764892578,15.197576522827148,2878.1201171875,0.0,12.608168601989744,12.403202056884766,11.023307800292967,14.937811851501465,2849.446044921875,0.0,17.665605545043945,17.461601257324222,16.10177230834961,20.29916000366211,3992.427001953125,0.0,19.464963912963867,19.19137954711914,18.00094985961914,21.83190155029297,4399.08203125,0.0,24.121055603027344,23.826457977294922,22.354887008666992,26.863018035888672,5451.3583984375,0.0,24.53642845153809,24.455780029296875,22.341596603393555,27.3405876159668,5545.23291015625,0.0,22.35537338256836,22.157596588134766,20.5396728515625,25.20766639709473,5052.314453125,0.0
ZAF.8.1_1,42.0,27.963964462280273,28.217477798461914,25.97116279602051,29.116661071777344,2852.324462890625,0.0,24.93892478942871,25.170751571655273,22.93543815612793,26.05077934265137,2543.770263671875,0.0,24.51198005676269,24.54542732238769,23.116979598999023,25.431110382080078,2500.221923828125,0.0,18.086265563964844,18.08366584777832,16.923608779907227,19.005794525146484,1844.799072265625,0.0,16.241142272949222,16.203821182250973,15.28665828704834,17.066339492797848,1656.596435546875,0.0,12.086073875427244,12.092302322387695,11.074607849121094,12.567599296569824,1232.779541015625,0.0,11.987509727478027,12.030031204223633,11.035870552062988,12.438404083251953,1222.7259521484375,0.0,15.525357246398926,15.506874084472654,14.307190895080565,16.47189712524414,1583.58642578125,0.0,19.198713302612305,19.2615966796875,17.477571487426758,20.05739974975586,1958.268798828125,0.0,22.751672744750977,22.82170867919922,20.89213752746582,23.98305511474609,2320.670654296875,0.0,26.03739356994629,26.098175048828125,24.21151924133301,27.151613235473643,2655.814208984375,0.0,24.23678207397461,24.42908477783203,22.433032989501953,25.354549407958984,2472.15185546875,0.0
ZAF.8.2_1,43.0,28.81989860534668,29.12580108642578,25.846393585205078,30.407209396362305,6398.017578125,0.0,26.17931365966797,26.527851104736328,22.9112606048584,28.34303855895996,5811.8076171875,0.0,26.61187171936035,26.87326622009277,23.10206413269043,28.621103286743164,5907.83544921875,0.0,20.343727111816406,20.613800048828125,16.90194320678711,22.506885528564453,4516.3076171875,0.0,18.242958068847656,18.30733871459961,15.396403312683105,20.72254753112793,4049.9365234375,0.0,13.544866561889648,13.72612190246582,11.026986122131348,15.05168342590332,3006.96044921875,0.0,13.026089668273926,13.206377983093262,10.928192138671877,14.283712387084961,2891.7919921875,0.0,17.145814895629886,17.39691162109375,14.286288261413574,18.889982223510746,3806.370849609375,0.0,19.87987327575684,19.96289825439453,17.481801986694336,21.08944129943848,4413.33203125,0.0,23.90276908874512,24.16552352905273,20.76995277404785,25.47122573852539,5306.41455078125,0.0,27.10350608825684,27.390480041503906,24.06415557861328,28.589778900146484,6016.978515625,0.0,25.22661590576172,25.5986385345459,22.389249801635746,26.75860977172852,5600.30859375,0.0
ZAF.8.3_1,44.0,23.06770896911621,22.80524826049805,18.46310234069824,28.51039695739746,23898.146484375,0.6711409395973155,24.35488510131836,24.39083480834961,18.902307510375977,28.38536262512207,25231.66015625,0.6711409395973155,21.922473907470703,21.720489501953125,17.418943405151367,27.11222648620605,22711.68359375,0.6711409395973155,18.35524177551269,18.44547271728516,14.244030952453613,22.71212577819824,19016.03125,0.6711409395973155,17.086191177368164,17.280418395996097,12.970870971679688,21.47793197631836,17701.294921875,0.6711409395973155,12.440128326416016,12.597529411315918,8.412495613098145,17.235355377197266,12887.97265625,0.6711409395973155,12.116750717163086,12.478446006774902,8.076912879943848,17.021142959594727,12552.9541015625,0.6711409395973155,13.1146879196167,13.235971450805664,8.61098575592041,17.878934860229492,13586.81640625,0.6711409395973155,18.34872436523437,18.565528869628906,13.92626667022705,22.39532470703125,19009.279296875,0.6711409395973155,18.242563247680664,18.11345100402832,13.952478408813475,23.01257514953613,18899.294921875,0.6711409395973155,21.21896171569824,21.027973175048828,16.844572067260742,26.324804306030273,21982.84375,0.6711409395973155,21.636030197143555,21.41464614868164,17.69418716430664,27.01137351989746,22414.927734375,0.6711409395973155
ZAF.8.4_1,45.0,26.11849021911621,26.851402282714844,20.34376335144043,29.13846778869629,21887.294921875,0.0,24.852787017822266,25.19037628173828,19.08297538757324,28.15160369873047,20826.634765625,0.0,24.1870059967041,24.68309783935547,18.248069763183594,27.151552200317386,20268.7109375,0.0,18.27253532409668,18.571849822998047,13.768651008605955,21.098825454711914,15312.384765625,0.0,16.850080490112305,17.06934928894043,12.757486343383787,19.87899780273437,14120.3681640625,0.0,11.421186447143555,11.675243377685547,8.069999694824219,13.784576416015625,9570.9541015625,0.0,11.36490249633789,11.598949432373047,8.024762153625487,13.471787452697756,9523.7880859375,0.0,13.446550369262695,13.859231948852539,9.338104248046877,15.896001815795898,11268.208984375,0.0,18.20588493347168,18.663375854492188,13.691655158996582,20.404346466064453,15256.53125,0.0,20.12657165527344,20.540119171142575,15.141700744628904,23.3276424407959,16866.06640625,0.0,23.962650299072266,24.60373497009277,18.381452560424805,26.96144294738769,20080.701171875,0.0,23.946813583374023,24.470718383789066,18.87015151977539,26.40555763244629,20067.4296875,0.0
ZAF.8.5_1,46.0,28.682659149169922,29.014259338378906,24.01130676269531,30.36293983459473,23863.97265625,0.0,27.64832878112793,28.111774444580078,22.936811447143555,28.916126251220703,23003.41015625,0.0,26.895954132080078,27.22332000732422,22.89212989807129,29.042951583862305,22377.43359375,0.0,21.45915031433105,21.548099517822266,16.830625534057614,23.93794059753418,17854.013671875,0.0,19.899709701538086,20.11180686950684,15.437012672424315,21.59488868713379,16556.55859375,0.0,13.805498123168945,14.019020080566404,10.985809326171877,15.686781883239744,11486.1748046875,0.0,13.679210662841795,13.791707038879395,10.938098907470703,15.347326278686525,11381.103515625,0.0,16.00291633605957,16.217557907104492,13.646018981933596,18.18922996520996,13314.4267578125,0.0,20.591835021972656,20.83895874023437,17.421918869018555,22.52275085449219,17132.40625,0.0,22.92160224914551,23.24986457824707,19.02894592285156,25.14850234985352,19070.7734375,0.0,26.54713630676269,26.84814071655273,22.171728134155273,28.592885971069336,22087.216796875,0.0,26.12698745727539,26.47028732299805,22.37569808959961,27.705888748168945,21737.654296875,0.0
ZAF.9.1_1,47.0,21.538164138793945,21.128463745117188,18.795318603515625,25.92038726806641,3769.1787109375,0.0,23.061603546142567,22.63134002685547,20.415388107299805,27.598636627197266,4035.780517578125,0.0,20.18467330932617,19.843868255615234,17.774953842163086,24.43837738037109,3532.31787109375,0.0,17.166662216186527,16.927116394042972,14.988208770751953,20.534379959106445,3004.166015625,0.0,15.149576187133787,15.10046672821045,13.399968147277832,17.390180587768555,2651.17578125,0.0,11.673001289367676,11.641257286071776,9.856416702270508,13.87081527709961,2042.7752685546875,0.0,10.90527057647705,10.771098136901855,9.179183959960938,13.14139461517334,1908.42236328125,0.0,11.329788208007812,11.152918815612793,9.543257713317873,14.240941047668455,1982.712890625,0.0,16.185956954956055,15.805232048034668,13.781479835510256,20.055362701416016,2832.54248046875,0.0,16.327110290527347,16.029781341552734,13.371296882629395,20.439992904663086,2857.244140625,0.0,18.9876708984375,18.47843742370605,15.523664474487305,23.80790138244629,3322.84228515625,0.0,19.842121124267575,19.45611953735352,16.977054595947266,24.191713333129893,3472.371337890625,0.0
ZAF.9.2_1,48.0,22.28248786926269,22.450666427612305,19.681034088134766,24.84442710876465,7063.548828125,0.0,23.11774444580078,23.01961898803711,19.6865348815918,26.07607078552246,7328.3251953125,0.0,21.20340919494629,21.32990074157715,18.51276969909668,23.582805633544922,6721.48095703125,0.0,17.138006210327152,17.180234909057614,14.263489723205565,19.617053985595703,5432.748046875,0.0,15.585866928100586,15.671244621276855,13.46615219116211,17.421989440917972,4940.7197265625,0.0,11.797200202941895,12.073237419128418,8.938819885253906,13.921698570251465,3739.71240234375,0.0,11.943422317504885,12.134556770324707,9.018756866455078,14.377053260803224,3786.06494140625,0.0,12.224053382873535,12.406207084655762,9.831958770751953,14.305084228515625,3875.02490234375,0.0,17.228321075439453,17.269865036010742,14.321002960205078,19.73049736022949,5461.3779296875,0.0,17.607826232910156,17.760608673095703,15.004700660705565,20.129932403564453,5581.6806640625,0.0,20.20810890197754,20.391223907470703,17.513364791870114,22.59003829956055,6405.970703125,0.0,21.185022354125977,21.431241989135746,18.17507553100586,23.875457763671875,6715.65185546875,0.0
ZAF.9.3_1,49.0,20.538366317749023,20.70213890075684,19.24497604370117,21.721698760986328,390.2289733886719,9.523809523809524,21.516502380371094,21.6131649017334,19.295127868652344,23.184741973876953,408.81353759765625,9.523809523809524,19.299150466918945,19.450239181518555,18.109031677246094,20.271533966064453,366.6838684082031,9.523809523809524,17.171039581298828,17.367134094238278,16.192127227783207,17.783409118652344,326.249755859375,9.523809523809524,15.345375061035154,15.41849422454834,14.502347946166992,15.710103988647461,291.5621337890625,9.523809523809524,13.163920402526855,13.184746742248535,12.013904571533205,14.558856010437012,250.11448669433602,9.523809523809524,12.629932403564453,12.796483039855955,11.271324157714846,14.083440780639648,239.96871948242188,9.523809523809524,12.81489372253418,12.986978530883787,11.286886215209961,14.2923002243042,243.4829864501953,9.523809523809524,16.023962020874027,16.157434463500973,14.747730255126953,16.53663444519043,304.45526123046875,9.523809523809524,16.090660095214847,16.28193473815918,14.49959659576416,16.633333206176758,305.7225341796875,9.523809523809524,18.108842849731445,18.26386260986328,16.635478973388672,19.043926239013672,344.0680236816406,9.523809523809524,19.51618194580078,19.677114486694336,18.03970718383789,20.66728401184082,370.8074645996094,9.523809523809524
ZAF.9.4_1,50.0,20.43512344360352,20.61345672607422,18.581371307373047,21.836679458618164,3760.062744140625,3.1578947368421053,21.24231719970703,21.31039047241211,19.38880729675293,22.93888664245605,3908.58642578125,3.1578947368421053,19.722190856933594,19.770902633666992,18.389863967895508,21.22676658630371,3628.883056640625,3.1578947368421053,16.892160415649414,17.062637329101562,15.150436401367188,18.29316711425781,3108.157470703125,3.1578947368421053,15.404178619384766,15.593202590942385,13.641995429992676,16.705011367797848,2834.368896484375,3.1578947368421053,12.734130859375,12.881644248962402,10.3123140335083,14.893481254577635,2343.080078125,3.1578947368421053,12.44079303741455,12.568147659301758,10.210939407348633,14.572003364562988,2289.10595703125,3.1578947368421053,12.563472747802734,12.722599029541016,10.093533515930176,14.3478364944458,2311.678955078125,3.1578947368421053,16.317005157470707,16.48282241821289,14.30905818939209,17.944639205932614,3002.3291015625,3.1578947368421053,16.21942138671875,16.361007690429688,14.121716499328613,18.021408081054688,2984.37353515625,3.1578947368421053,18.276220321655273,18.428752899169922,16.344562530517578,19.99781608581543,3362.82470703125,3.1578947368421053,19.465316772460934,19.622821807861328,17.684635162353516,21.02126693725586,3581.6181640625,3.1578947368421053
ZAF.9.5_1,51.0,20.65834617614746,20.648860931396484,19.27781867980957,21.848508834838867,1941.884521484375,4.081632653061225,21.495746612548828,21.520109176635746,20.39202308654785,22.235721588134766,2020.6002197265625,4.081632653061225,19.370044708251953,19.412242889404297,18.28770637512207,20.16067123413086,1820.7841796875,4.081632653061225,16.933185577392578,16.98164939880371,15.888232231140135,17.918357849121094,1591.719482421875,4.081632653061225,15.308550834655762,15.246347427368164,14.169039726257324,16.472705841064453,1439.0037841796875,4.081632653061225,12.742044448852539,12.689735412597654,11.523233413696287,14.2163667678833,1197.752197265625,4.081632653061225,12.376350402832033,12.3671236038208,10.682558059692383,14.037668228149414,1163.376953125,4.081632653061225,12.572071075439453,12.61488151550293,10.863947868347168,14.040132522583008,1181.774658203125,4.081632653061225,16.116413116455078,16.222196578979492,14.402949333190918,17.08527946472168,1514.9427490234375,4.081632653061225,16.12380027770996,16.23122215270996,14.163516998291016,17.324592590332028,1515.63720703125,4.081632653061225,18.079181671142575,18.19256401062012,16.186027526855472,19.40505599975586,1699.4429931640625,4.081632653061225,19.481008529663086,19.49774932861328,17.80348014831543,20.84062957763672,1831.21484375,4.081632653061225
ZAF.9.6_1,52.0,21.810977935791016,21.955123901367188,18.469074249267575,25.00519180297852,5474.5556640625,3.8314176245210727,23.230512619018555,23.37672996520996,19.052982330322266,26.82964515686035,5830.85888671875,3.8314176245210727,20.279659271240234,20.31549453735352,17.567285537719727,23.443622589111328,5090.1943359375,3.8314176245210727,17.90816307067871,17.955825805664062,15.741775512695312,19.91482734680176,4494.94873046875,3.8314176245210727,16.40989875793457,16.28927230834961,14.518220901489258,17.857675552368164,4118.884765625,3.8314176245210727,13.392327308654785,13.33366584777832,10.830710411071776,15.018170356750488,3361.47412109375,3.8314176245210727,12.485427856445312,12.55034637451172,10.282155990600586,13.576960563659668,3133.84228515625,3.8314176245210727,13.025829315185547,13.148613929748535,10.34400463104248,14.532716751098633,3269.483154296875,3.8314176245210727,17.700763702392578,17.69353485107422,14.88295078277588,19.710487365722656,4442.8916015625,3.8314176245210727,17.312294006347653,17.296175003051758,14.903505325317385,19.491662979125977,4345.3857421875,3.8314176245210727,19.79739189147949,19.80862236022949,16.991523742675778,22.879194259643555,4969.1455078125,3.8314176245210727,20.62823867797852,20.771806716918945,18.013893127441406,23.329050064086914,5177.68798828125,3.8314176245210727
